dividend	The company will pay a dividend to its shareholders this year.	その会社は今年、株主に配当を支払う予定だ。
portfolio	She keeps a mix of stocks and bonds in her portfolio.	彼女は株と債券を組み合わせて保有している。
sponsorship	The event was made possible by the sponsorship of local firms.	そのイベントは地元企業の後援で実現した。
marginal	The new rule had only a marginal effect on sales.	新しい規則は売り上げにわずかな影響しか与えなかった。
variance	There is a large variance between the budget and the actual cost.	予算と実際の費用に大きな差がある。
strategic	Opening an office in Asia was a strategic decision.	アジアに事務所を開いたのは戦略的な判断だった。
euro	The price is twenty euros per person.	料金は1人20ユーロです。
allocation	The allocation of the budget will be decided next week.	予算の配分は来週決まる。
retailer	The retailer sells our products in over 300 stores.	その小売業者は300を超える店で当社の製品を売っている。
deviation	Any deviation from the plan must be reported to the manager.	計画から外れることがあれば、必ず部長に報告しなければならない。
receivable	Our accounts receivable have grown this quarter.	今期は売掛金が増えた。
equilibrium	Prices move until supply and demand reach equilibrium.	価格は需要と供給が均衡するまで動く。
creditor	The company could not pay its creditors.	その会社は債権者に支払うことができなかった。
derivative	Many banks lost money on risky derivatives.	多くの銀行がリスクの高い金融派生商品で損失を出した。
maximize	We need to maximize the use of our time.	時間を最大限に活用する必要がある。
liquidity	The bank has enough liquidity to meet its needs.	その銀行には必要を満たすだけの流動性がある。
correlation	There is a strong correlation between price and quality.	価格と品質には強い相関関係がある。
stockmarket	The stockmarket fell sharply this morning.	今朝、株式市場は急落した。
auditor	The auditor checked all of our records.	監査人は私たちの記録をすべて確認した。
issuer	The issuer of the card is a large bank.	そのカードの発行者は大手銀行だ。
insurer	The insurer paid for the damage to the car.	保険会社が車の損害を支払った。
respondent	Most respondents said they were happy with the service.	回答者の大半がサービスに満足していると答えた。
regulatory	The deal still needs regulatory approval.	その取引にはまだ規制当局の承認が必要だ。
takeover	The board rejected the takeover offer.	取締役会は買収の申し出を拒否した。
coefficient	The coefficient shows how strongly the two numbers are related.	その係数は2つの数がどれほど強く関係しているかを示す。
indicator	Sales are a good indicator of how the business is doing.	売り上げは事業の調子をよく示す指標だ。
stakeholder	We must listen to all stakeholders before we decide.	決める前に、すべての利害関係者の意見を聞かなければならない。
minimize	We want to minimize the risk to our customers.	お客様へのリスクを最小限にしたい。
payoff	The payoff from the project came after three years.	その事業の見返りは3年後にやってきた。
marketer	The marketer planned a new campaign for young people.	マーケティング担当者は若者向けの新しい宣伝を企画した。
arbitrage	Traders use arbitrage to profit from small price differences.	トレーダーは小さな価格差から利益を得るために裁定取引を行う。
warranty	The computer comes with a two-year warranty.	そのパソコンには2年間の保証が付いている。
matrix	We used a matrix to compare the four options.	4つの選択肢を比べるために表を使った。
telecom	He works for a large telecom company.	彼は大手の通信会社で働いている。
multinational	She works for a multinational company with offices in ten countries.	彼女は10か国に事務所がある多国籍企業で働いている。
taxable	Is this income taxable?	この収入は課税対象ですか。
inflow	The country saw a large inflow of foreign money.	その国には大量の外国資金が流入した。
thereby	He sold his shares, thereby losing control of the company.	彼は株を売り、それによって会社の支配権を失った。
linear	Growth has not been linear over the past five years.	この5年間、成長は一直線ではなかった。
substantially	Costs have risen substantially since last year.	昨年から費用が大幅に上がった。
outsource	Many firms outsource their customer service.	多くの会社が顧客サービスを外部に委託している。
notably	Some countries, notably Japan, saw prices fall.	いくつかの国、特に日本では物価が下がった。
fluctuation	We watch for fluctuations in the exchange rate.	私たちは為替相場の変動を見守っている。
diversification	Diversification helps reduce the risk of loss.	分散は損失のリスクを減らすのに役立つ。
metric	Customer satisfaction is our most important metric.	顧客満足度は私たちの最も重要な指標だ。
privatization	The privatization of the railway took ten years.	鉄道の民営化には10年かかった。
franchise	He owns a coffee shop franchise in the city.	彼は市内でコーヒー店のフランチャイズを経営している。
purchaser	The purchaser must sign the contract by Friday.	購入者は金曜日までに契約書に署名しなければならない。
node	Each node in the network sends data to the center.	ネットワークの各拠点が中心にデータを送る。
consultancy	She runs a small consultancy that helps new businesses.	彼女は新しい事業を支援する小さなコンサルティング会社を経営している。
citation	Please add a citation for this number.	この数字の出典を書き加えてください。
lessee	The lessee pays the rent at the start of each month.	借り手は毎月初めに賃料を払う。
downturn	Many shops closed during the economic downturn.	景気の落ち込みの間に多くの店が閉店した。
intangible	A good brand is an intangible asset.	よいブランドは無形の資産だ。
globalization	Globalization has changed the way we do business.	グローバル化は私たちの商売のやり方を変えた。
elasticity	The price elasticity of this product is low.	この製品の価格弾力性は低い。
deduct	The fee will be deducted from your pay.	手数料は給料から差し引かれます。
electoral	The party won a large electoral victory.	その党は選挙で大勝した。
quantitative	We need both quantitative and qualitative data.	量的なデータと質的なデータの両方が必要だ。
offshore	The company moved some jobs offshore.	その会社は一部の仕事を海外に移した。
marketplace	Our products must compete in a crowded marketplace.	当社の製品は競争の激しい市場で戦わなければならない。
proxy	You can vote by proxy if you cannot attend the meeting.	会議に出席できない場合は、代理人を通じて投票できる。
mandate	The new manager has a mandate to cut costs.	新しい部長には費用を削減する権限が与えられている。
expiration	Check the expiration date on your card.	カードの有効期限を確認してください。
appraisal	Every employee has a performance appraisal once a year.	全社員が年に1回、勤務評価を受ける。
capitalization	The firm has a market capitalization of two billion dollars.	その会社の時価総額は20億ドルだ。
oversee	She will oversee the whole project.	彼女がその事業全体を監督する。
lessor	The lessor is responsible for repairs to the building.	建物の修理は貸し手の責任だ。
statutory	All workers have a statutory right to paid leave.	すべての労働者には法定の有給休暇の権利がある。
cumulative	The cumulative cost of the delays was very high.	遅れによる累積の費用はとても高かった。
volatile	Oil prices have been volatile this year.	今年は石油価格の変動が激しい。
enforcement	The enforcement of the new law starts in April.	新しい法律の施行は4月に始まる。
initiate	The bank initiated a review of all its loans.	その銀行はすべての融資の見直しを始めた。
issuance	The issuance of new shares was approved.	新株の発行が承認された。
amortization	The amortization of the loan takes twenty years.	その融資の返済は20年かかる。
inter	We need better inter-company communication.	会社間の連絡をもっとよくする必要がある。
nationalist	Nationalist feelings grew during the crisis.	危機の間に国家主義的な感情が強まった。
conglomerate	The conglomerate owns banks, hotels, and a TV station.	その複合企業は銀行、ホテル、テレビ局を所有している。
adoption	The adoption of the new system went smoothly.	新しいシステムの導入は順調に進んだ。
consolidation	There has been a lot of consolidation in the banking industry.	銀行業界では多くの統合が行われてきた。
opt	Many workers opted to work from home.	多くの社員が在宅勤務を選んだ。
deploy	The company will deploy the new software next month.	会社は来月、新しいソフトを導入する。
macroeconomic	The report looks at macroeconomic trends in Asia.	その報告書はアジアのマクロ経済の動きを見ている。
privately	The company is privately owned.	その会社は個人が所有している。
pharmaceutical	She works for a pharmaceutical company.	彼女は製薬会社で働いている。
automate	We plan to automate the billing process.	請求の手続きを自動化する予定だ。
repurchase	The company announced a plan to repurchase its own shares.	その会社は自社株を買い戻す計画を発表した。
empirical	There is little empirical evidence for this idea.	この考えを裏づける実証的な証拠はほとんどない。
treasury	The treasury announced new rules for banks.	財務省は銀行に関する新しい規則を発表した。
militant	The militant group attacked a police station.	その過激派集団は警察署を襲撃した。
qualitative	We also did qualitative interviews with customers.	顧客への質的なインタビューも行った。
brokerage	He opened an account with an online brokerage.	彼はオンライン証券会社に口座を開いた。
incremental	We made incremental changes to the design.	デザインに少しずつ変更を加えた。
subsidize	The government subsidizes public transport.	政府は公共交通に補助金を出している。
underwrite	Two banks will underwrite the new bonds.	2つの銀行が新しい債券を引き受ける。
correlate	High prices do not always correlate with high quality.	高い価格が必ずしも高い品質と関係しているわけではない。
multiplier	Government spending can have a multiplier effect on the economy.	政府の支出は経済に乗数効果をもたらすことがある。
bureaucracy	There is too much bureaucracy in this company.	この会社にはお役所仕事が多すぎる。
behavioral	Behavioral economics studies how people really make choices.	行動経済学は人が実際にどう選ぶかを研究する。
documentation	Please send us the documentation for the product.	製品の資料を送ってください。
outflow	The bank saw a large outflow of deposits.	その銀行から大量の預金が流出した。
albeit	The plan worked, albeit more slowly than we hoped.	計画はうまくいった。期待していたよりは遅かったが。
contingency	We need a contingency plan in case the supplier fails.	仕入れ先が倒れた場合に備えて、非常時の計画が必要だ。
mainstream	The product is now popular with mainstream customers.	その製品は今では一般の顧客に人気がある。
litigation	The company wants to avoid costly litigation.	その会社は費用のかかる訴訟を避けたいと考えている。
generic	Generic drugs are much cheaper than brand-name ones.	後発医薬品はブランド薬よりずっと安い。
bidder	The house was sold to the highest bidder.	その家は最高額の入札者に売られた。
deliverable	The first deliverable is due at the end of the month.	最初の成果物の期限は月末だ。
allegation	The company denied all the allegations.	その会社はすべての疑惑を否定した。
redemption	The bonds have a redemption date in 2030.	その債券の償還日は2030年だ。
grid	The new plant will supply power to the national grid.	新しい発電所は全国の送電網に電力を供給する。
newsletter	We send a monthly newsletter to all our customers.	私たちはすべての顧客に毎月ニュースレターを送っている。
interface	The new interface is much easier to use.	新しい画面はずっと使いやすい。
secular	The industry is in a secular decline.	その業界は長期的な衰退の中にある。
sterling	The pound sterling fell against the dollar.	英ポンドはドルに対して下落した。
legacy	We still use some legacy systems from the 1990s.	私たちは今も1990年代の古いシステムをいくつか使っている。
autonomy	Each team has a lot of autonomy.	各チームには大きな自主性がある。
batch	We process the orders in batches.	私たちは注文をまとめて処理する。
termination	Either side can ask for termination of the contract.	どちらの側も契約の解除を求めることができる。
bondholder	The bondholders will be paid first.	債券保有者が最初に支払いを受ける。
intrinsic	The coin has little intrinsic value.	その硬貨そのものにはほとんど価値がない。
computation	The computation takes only a few seconds.	その計算は数秒しかかからない。
advisory	She sits on the advisory board of a bank.	彼女はある銀行の諮問委員会の一員だ。
optimization	Search engine optimization brought more visitors to our site.	検索エンジン最適化によって、サイトへの訪問者が増えた。
tuple	Each row in the table is stored as a tuple.	表の各行は組として保存される。
whereby	We set up a system whereby customers can pay online.	顧客がオンラインで支払える仕組みを作った。
median	The median price of a house in the city has risen.	その市の住宅価格の中央値は上がった。
predictable	Our income is now more predictable.	私たちの収入は以前より予測しやすくなった。
liquidation	The company went into liquidation last year.	その会社は昨年清算された。
macroeconomics	She teaches macroeconomics at a university.	彼女は大学でマクロ経済学を教えている。
accrual	The accrual of interest starts on the first day.	利息は初日から発生する。
payback	The payback period for the new machine is two years.	新しい機械の投資回収期間は2年だ。
transparency	Investors want more transparency about the company's costs.	投資家は会社の費用についてもっと透明性を求めている。
covenant	The loan has a covenant that limits new debt.	その融資には、新たな借金を制限する条項がある。
materially	The new rule will not materially change our business.	新しい規則が私たちの事業を大きく変えることはない。
operative	The new price will be operative from next month.	新しい価格は来月から適用される。
privatize	The government plans to privatize the post office.	政府は郵便局を民営化する計画だ。
deflation	The country suffered from years of deflation.	その国は何年もデフレに苦しんだ。
antitrust	The deal is being checked under antitrust law.	その取引は独占禁止法のもとで審査されている。
practitioner	Our trainers are experienced practitioners.	当社の講師は経験豊富な実務家だ。
advertiser	The magazine lost several big advertisers.	その雑誌は何社かの大口広告主を失った。
planner	A financial planner helped me save for the future.	ファイナンシャルプランナーが将来のための貯金を手伝ってくれた。
handset	The new handset will go on sale in May.	新しい端末は5月に発売される。
parity	Women still do not have pay parity with men.	女性はいまだに男性と同じ給料をもらえていない。
centralize	The company decided to centralize its buying.	その会社は購買を一か所に集めることにした。
variability	There is a lot of variability in monthly sales.	月ごとの売り上げには大きなばらつきがある。
militia	The militia took control of the town.	民兵が町を支配した。
substitution	The substitution of plastic for metal cut costs.	金属をプラスチックに替えたことで費用が下がった。
minimal	The changes will have a minimal impact on staff.	その変更が社員に与える影響はごくわずかだ。
endowment	The university has a large endowment.	その大学は多額の基金を持っている。
governmental	It is a non-governmental organization.	それは非政府組織だ。
inefficient	The old system was slow and inefficient.	古いシステムは遅くて非効率だった。
logistics	He is in charge of logistics at the factory.	彼は工場で物流を担当している。
namely	We have one big problem, namely money.	大きな問題が1つある。すなわち資金だ。
quantify	It is hard to quantify the value of a brand.	ブランドの価値を数字で表すのは難しい。
recruitment	Recruitment of new staff begins in March.	新しい社員の採用は3月に始まる。
legislative	The legislative process can take years.	立法の手続きには何年もかかることがある。
determinant	Price is the main determinant of demand.	価格は需要を決める主な要因だ。
tribunal	The case was sent to an employment tribunal.	その件は労働審判所に送られた。
safeguard	We need safeguards to protect customer data.	顧客データを守るための安全策が必要だ。
conceptual	This is still only a conceptual design.	これはまだ構想段階の設計にすぎない。
rig	The officials were accused of rigging the bids.	役人たちは入札を不正に操作したとして告発された。
predetermine	The price is predetermined by the contract.	価格は契約であらかじめ決められている。
congressional	A congressional hearing was held last week.	先週、議会の公聴会が開かれた。
populist	The populist leader promised lower taxes.	大衆迎合的な指導者は減税を約束した。
similarity	There are many similarities between the two plans.	2つの計画には多くの共通点がある。
socially	We want to be a socially responsible company.	私たちは社会的責任を果たす会社でありたい。
debenture	The company raised money by selling debentures.	その会社は社債を売って資金を集めた。
outperform	Our shares outperformed the market last year.	昨年、当社の株は市場平均を上回った。
optimize	We need to optimize our delivery routes.	配送ルートを最適化する必要がある。
broadband	Most homes now have broadband internet.	今ではほとんどの家庭に高速インターネットがある。
attributable	The rise in sales is attributable to the new ad.	売り上げの伸びは新しい広告によるものだ。
carmaker	The carmaker plans to build a new factory.	その自動車メーカーは新工場を建てる計画だ。
discretionary	People spend less on discretionary items when times are hard.	景気が悪いとき、人々はぜいたく品への出費を減らす。
directive	The new directive applies to all member countries.	新しい指令はすべての加盟国に適用される。
subprime	Many subprime loans were never paid back.	多くの低所得者向け融資は返済されなかった。
geographic	We need to increase our geographic reach.	私たちは事業の地理的な範囲を広げる必要がある。
consortium	A consortium of five companies will build the bridge.	5社の共同事業体がその橋を建設する。
amortize	The cost is amortized over five years.	その費用は5年にわたって償却される。
counterparty	The bank checks the credit of each counterparty.	銀行は取引相手それぞれの信用を確認する。
retention	Staff retention is a big problem for us.	社員の定着は私たちにとって大きな問題だ。
covariance	The covariance shows how two stocks move together.	共分散は2つの株がどれくらい一緒に動くかを示す。
formulate	We need to formulate a new strategy.	新しい戦略を立てる必要がある。
cyclical	The car industry is highly cyclical.	自動車産業は景気の波に大きく左右される。
cartel	The cartel agreed to keep prices high.	カルテルは価格を高く保つことで合意した。
rationale	Can you explain the rationale for this decision?	この決定の根拠を説明してもらえますか。
arguably	She is arguably the best salesperson in the company.	彼女はおそらく社内で一番の販売員だ。
ordinate	The ordinate shows the number of sales.	縦軸は販売数を示している。
tort	Negligence is a common type of tort.	過失はよくある不法行為の一種だ。
positively	Customers reacted positively to the new design.	顧客は新しいデザインに好意的な反応を示した。
unlimited	The plan includes unlimited data.	そのプランにはデータ無制限が含まれている。
liberalization	Trade liberalization opened new markets.	貿易の自由化によって新しい市場が開かれた。
individually	Each item is checked individually.	各品物は1つずつ点検される。
inclusion	We are happy about the inclusion of our product in the list.	当社の製品が一覧に加えられたことをうれしく思う。
lesser	It is the lesser of two evils.	それは2つの悪のうち、ましなほうだ。
portray	The report portrays the company in a good light.	その報告書は会社をよく描いている。
maximization	Profit maximization is not our only goal.	利益の最大化だけが私たちの目標ではない。
competency	Communication is a key competency for managers.	意思疎通は管理職にとって重要な能力だ。
dissolution	The partners agreed on the dissolution of the firm.	共同経営者たちは会社の解散に合意した。
coordination	The project needs close coordination between teams.	その事業にはチーム間の緊密な調整が必要だ。
emergence	The emergence of online shopping changed retail.	ネット通販の登場は小売業を変えた。
voucher	Each guest received a voucher for a free drink.	客は全員、飲み物1杯の無料券を受け取った。
proportional	Your pay is proportional to the hours you work.	給料は働いた時間に比例する。
convergence	We have seen a convergence of prices across the region.	地域全体で価格がそろってきた。
rejection	He was disappointed by the rejection of his plan.	彼は自分の計画が却下されてがっかりした。
mitigate	We took steps to mitigate the risk.	リスクを減らすための手を打った。
macro	The macro view of the economy is positive.	経済の大きな見方では、見通しは明るい。
insurgent	The insurgents attacked an army base.	反乱者たちは陸軍の基地を攻撃した。
relevance	The data has little relevance to our market.	そのデータは私たちの市場とはほとんど関係がない。
setup	The setup of the new office took a week.	新しい事務所の準備に1週間かかった。
tranche	The loan will be paid in three tranches.	その融資は3回に分けて支払われる。
policymaker	Policymakers are worried about rising prices.	政策立案者は物価上昇を心配している。
utilization	Our factory utilization rate is about 80 percent.	当社の工場の稼働率は約80パーセントだ。
baseline	We use last year's sales as a baseline.	私たちは昨年の売り上げを基準にしている。
obituary	His obituary appeared in the newspaper.	彼の死亡記事が新聞に載った。
denominate	The bonds are denominated in dollars.	その債券はドル建てだ。
stochastic	The model uses a stochastic process.	そのモデルは確率的な過程を使っている。
internally	The problem was solved internally.	その問題は社内で解決された。
refinance	We refinanced our home loan at a lower rate.	私たちは住宅ローンを低い金利で借り換えた。
empower	We want to empower our staff to make decisions.	社員が自分で決められるようにしたい。
predictor	Past sales are a good predictor of future sales.	過去の売り上げは今後の売り上げをよく予測する。
dominance	The company has kept its dominance in the market.	その会社は市場での優位を保ってきた。
segmentation	Market segmentation helps us reach the right customers.	市場の細分化は、適切な顧客に届くのに役立つ。
hugely	The event was hugely successful.	そのイベントは大成功だった。
seemingly	It was a seemingly simple problem.	一見すると簡単な問題だった。
integral	Training is an integral part of the job.	研修は仕事に欠かせない部分だ。
mobility	Job mobility is higher among young workers.	若い労働者の間では転職が多い。
affordable	We want to offer affordable prices to everyone.	誰にでも手頃な価格を提供したい。
reinforcement	Positive reinforcement helps people learn faster.	ほめて励ますことは、人がより速く学ぶのに役立つ。
capita	Income per capita rose by three percent.	1人あたりの所得は3パーセント上がった。
replicate	We hope to replicate this success in other cities.	この成功をほかの都市でも再現したい。
delta	The delta between the two prices is small.	2つの価格の差は小さい。
overhaul	The tax system needs a complete overhaul.	税制は全面的に見直す必要がある。
ideological	The two parties have deep ideological differences.	2つの党には深い思想の違いがある。
insurgency	The insurgency has lasted for years.	反乱は何年も続いている。
ethanol	The car can run on ethanol.	その車はエタノールで走ることができる。
prepayment	A prepayment of 20 percent is required.	20パーセントの前払いが必要だ。
externality	Pollution is a classic example of an externality.	公害は外部性の典型的な例だ。
analytic	She has strong analytic skills.	彼女は高い分析力を持っている。
proliferation	The proliferation of smartphones changed how we shop.	スマートフォンの急速な普及が買い物の仕方を変えた。
disruption	The storm caused disruption to flights.	嵐で航空便に乱れが出た。
inefficiency	We found a lot of inefficiency in the process.	その手順に多くの無駄が見つかった。
downgrade	The agency downgraded the country's credit rating.	その機関は国の信用格付けを引き下げた。
oust	The board voted to oust the CEO.	取締役会は最高経営責任者の解任を決議した。
entrant	New entrants to the market face strong competition.	市場への新規参入者は激しい競争に直面する。
underwriter	The underwriter agreed to sell the new shares.	引受業者は新株を売ることに同意した。
salvage	The new manager tried to salvage the deal.	新しい部長はその取引を立て直そうとした。
pursuant	Pursuant to the contract, payment is due in 30 days.	契約に従い、支払いの期限は30日以内だ。
appropriately	Please dress appropriately for the meeting.	会議にふさわしい服装で来てください。
entrepreneurial	She has a strong entrepreneurial spirit.	彼女には強い起業家精神がある。
devaluation	The devaluation of the currency made imports more expensive.	通貨の切り下げで輸入品が高くなった。
outlay	The initial outlay for the shop was high.	店の初期費用は高かった。
continental	We serve a continental breakfast from seven.	7時から軽い洋風の朝食をお出しします。
overstate	The report overstated the company's profits.	その報告書は会社の利益を大きく見せていた。
hypothetical	Let me ask you a hypothetical question.	仮の質問をさせてください。
homeowner	Many homeowners are worried about higher interest rates.	多くの住宅所有者が金利の上昇を心配している。
arbitration	The dispute was settled through arbitration.	その争いは仲裁によって解決された。
discrete	The work is divided into discrete tasks.	その仕事は個別の作業に分けられている。
prototype	We will show the prototype to customers next week.	来週、試作品を顧客に見せる。
undervalue	I think the market undervalues our company.	市場は当社を過小評価していると思う。
micro	Micro businesses have fewer than ten employees.	零細企業の社員は10人未満だ。
ideally	Ideally, we would finish by Friday.	理想を言えば、金曜日までに終えたい。
ratify	The treaty was ratified by both countries.	その条約は両国によって批准された。
eventual	The eventual cost was twice the estimate.	最終的な費用は見積もりの2倍だった。
synthetic	The jacket is made of synthetic material.	その上着は合成素材でできている。
separatist	Separatist groups want their own country.	分離主義者の集団は自分たちの国を求めている。
bolster	The good news bolstered investor confidence.	その良い知らせが投資家の信頼を強めた。
skeptic	Skeptics say the plan will never work.	懐疑的な人たちは、その計画は決してうまくいかないと言う。
depositor	The bank promised to protect its depositors.	銀行は預金者を守ると約束した。
clout	Big retailers have a lot of clout with suppliers.	大手の小売業者は仕入れ先に対して強い影響力を持っている。
collectively	The team is collectively responsible for the result.	その結果にはチーム全体で責任がある。
decentralize	The company decided to decentralize decision-making.	その会社は意思決定を分散させることにした。
pensioner	Many pensioners live on a fixed income.	多くの年金受給者は一定の収入で暮らしている。
unauthorize	Unauthorized use of this computer is not allowed.	このパソコンを許可なく使うことは禁止されている。
adequately	Our staff were not adequately trained.	社員は十分に訓練されていなかった。
manipulation	The trader was accused of price manipulation.	そのトレーダーは価格操作で告発された。
tenure	During her tenure as CEO, sales doubled.	彼女が社長を務めた間に、売り上げは2倍になった。
milestone	Reaching one million users was a big milestone.	利用者100万人の達成は大きな節目だった。
optimum	The optimum price for this product is ten dollars.	この製品の最適な価格は10ドルだ。
subsection	Please read subsection 3 of the contract.	契約書の第3項を読んでください。
formulation	The formulation of the new policy took months.	新しい方針の策定には何か月もかかった。
syndicate	A syndicate of banks provided the loan.	複数の銀行による融資団がその融資を行った。
proprietorship	A sole proprietorship is the simplest form of business.	個人事業は最も簡単な事業の形だ。
franc	The Swiss franc is a strong currency.	スイスフランは強い通貨だ。
policyholder	All policyholders will receive a letter.	すべての保険契約者に手紙が届く。
supervisory	She has a supervisory role in the team.	彼女はチームで監督の役割を担っている。
electorate	The electorate is worried about jobs.	有権者は仕事のことを心配している。
reinvestment	The profits were used for reinvestment in the business.	利益は事業への再投資に使われた。
annum	The salary is 50,000 dollars per annum.	給料は年5万ドルだ。
reportedly	The company is reportedly planning to close the factory.	伝えられるところでは、その会社は工場を閉鎖する計画だ。
synergy	The merger will create synergy between the two firms.	合併によって2社の間に相乗効果が生まれる。
charitable	The company gives money to charitable causes.	その会社は慈善活動に寄付している。
fiduciary	Directors have a fiduciary duty to shareholders.	取締役は株主に対して受託者としての義務を負う。
inference	We can draw an inference from these numbers.	これらの数字から推論を導くことができる。
rebound	Sales rebounded in the second half of the year.	下半期に売り上げは回復した。
scorecard	We use a scorecard to measure each team's performance.	各チームの成績を測るために評価表を使っている。
restate	The company had to restate its earnings.	その会社は利益を修正して発表し直さなければならなかった。
paramilitary	Paramilitary groups were active in the area.	その地域では準軍事組織が活動していた。
duly	Your payment has been duly received.	お支払いは確かに受け取りました。
reformist	The reformist leader wants to change the tax system.	改革派の指導者は税制を変えたいと考えている。
forecaster	Forecasters expect growth to slow next year.	予測する専門家たちは、来年は成長が鈍ると見ている。
flotation	The company plans a stock market flotation next year.	その会社は来年、株式を上場する計画だ。
statistically	The difference is not statistically significant.	その差は統計的に意味のあるものではない。
globally	The brand is known globally.	そのブランドは世界中で知られている。
cleric	The cleric spoke at the meeting.	その聖職者が会合で話をした。
redesign	We redesigned the website to make it easier to use.	使いやすくするためにウェブサイトを作り直した。
empowerment	Employee empowerment improves morale.	社員に権限を与えると士気が上がる。
revival	The town has seen an economic revival.	その町では経済が復活した。
nationalize	The government nationalized the railways.	政府は鉄道を国有化した。
enforceable	The agreement is legally enforceable.	その合意は法的に強制力がある。
approximation	This number is only an approximation.	この数字はおおよその値にすぎない。
unsecured	An unsecured loan usually has a higher interest rate.	無担保の融資は通常、金利が高い。
seeker	The website helps job seekers find work.	そのウェブサイトは求職者が仕事を見つける手助けをする。
liberalize	The country liberalized its banking sector.	その国は銀行部門を自由化した。
revaluation	The revaluation of the building increased its value.	建物を評価し直したところ、価値が上がった。
resale	These tickets are not for resale.	これらのチケットは転売禁止だ。
corrective	We took corrective action after the mistake.	誤りのあと、是正措置を取った。
genocide	The court found him guilty of genocide.	裁判所は彼に大量虐殺の罪で有罪を言い渡した。
underpin	Strong exports underpin the economy.	好調な輸出が経済を支えている。
relational	Most business data is stored in a relational database.	ほとんどの業務データは関係データベースに保存されている。
quasi	It is a quasi-government organization.	それは政府に準じる組織だ。
monopolist	A monopolist can set high prices.	独占企業は高い価格をつけることができる。
histogram	The histogram shows the age of our customers.	そのヒストグラムは顧客の年齢を示している。
worksheet	Please fill in the worksheet before the meeting.	会議の前に作業用紙に記入してください。
intercept	The police intercepted the shipment at the port.	警察は港でその積み荷を押さえた。
peacekeeping	The country sent troops on a peacekeeping mission.	その国は平和維持活動に部隊を送った。
continuity	We need continuity in our leadership.	指導体制には継続性が必要だ。
demise	The demise of the old store surprised no one.	その古い店がなくなっても、誰も驚かなかった。
reversal	The decision was a reversal of the previous policy.	その決定は以前の方針を覆すものだった。
realizable	The plan is realizable within two years.	その計画は2年以内に実現できる。
