mister	〜さん、〜氏（Mr.）
goods	商品、品物
equity	株式、自己資本、公平
dividend	配当
portfolio	ポートフォリオ（保有資産の一覧）、作品集
sponsorship	スポンサーになること、後援
inventory	在庫
transaction	取引
non	非〜、不〜（接頭語）
lease	リース（する）、賃貸借
hedge	（リスクを）回避する、ヘッジ
distribution	流通、配布、分配
premium	保険料、割増金、高級な
client	顧客、依頼人
impact	影響（を与える）
authority	権限、当局
obtain	手に入れる
maturity	満期、成熟
publish	出版する、公表する
sometime	いつか
economist	経済学者、エコノミスト
media	メディア、報道機関
marginal	わずかな、限界の
seller	売り手
merger	合併
audit	監査（する）
e-book	電子書籍
consumption	消費
variance	差異、ばらつき
depreciation	減価償却、価値の下落
strategic	戦略的な
anti	反〜、対〜（接頭語）
recession	景気後退
entity	組織体、事業体
utility	公共事業、有用性
productivity	生産性
euro	ユーロ
overhead	間接費、経費
organizational	組織の
commodity	商品、一次産品
monetary	金融の、通貨の
aggregate	総計（の）
valuation	評価、査定
fiscal	財政の、会計の
payable	支払うべき、買掛金
default	債務不履行、初期設定
aspect	側面、点
calculation	計算
subsidiary	子会社
mid	中間の、半ば
allocation	配分、割り当て
coupon	クーポン、利札
volatility	変動の大きさ
retailer	小売業者
deviation	逸脱、偏差
receivable	受け取るべき、売掛金
equilibrium	均衡
pre	前〜、事前の（接頭語）
creditor	債権者
derivative	デリバティブ（金融派生商品）、派生的な
sub	下位の、副〜（接頭語）
incur	（費用・損失を）負う、招く
surplus	黒字、余剰
annuity	年金、年賦金
disclosure	開示
regime	体制、制度
risky	危険な、リスクの高い
leverage	てこの作用、借入による投資効果
broker	仲介業者
outstanding	未払いの、目立つ、優れた
internet	インターネット
parliament	議会
coalition	連立、提携
maximize	最大にする
beta	ベータ版、ベータ値
lender	貸し手
gross	総計の、総〜
liquidity	流動性
stockholder	株主
vendor	売り手、納入業者
fraud	詐欺、不正
allocate	割り当てる
regulator	規制当局
par	額面、標準
swap	交換（する）、スワップ取引
bankruptcy	倒産、破産
provider	提供者、事業者
regression	回帰、後退
turnover	売上高、離職率
accountant	会計士
constitution	憲法、構成
trader	トレーダー、貿易業者
monopoly	独占
correlation	相関関係
stockmarket	株式市場
ex	元〜、前〜
profitable	もうかる、利益のある
breach	違反（する）
subsidy	補助金
auditor	監査人
banker	銀行家、銀行員
corruption	汚職、腐敗
issuer	発行者
borrower	借り手
insurer	保険会社
patent	特許
profitability	収益性
debit	借方、引き落とし
duration	期間、継続時間
scenario	シナリオ、想定
terrorism	テロ
respondent	回答者
regulatory	規制の
takeover	買収
coefficient	係数
indicator	指標
classify	分類する
receipt	領収書、受領
optimal	最適な
nominal	名目上の、わずかな
infrastructure	インフラ、基盤
disclose	開示する
offset	相殺する
effectiveness	有効性
merchandise	商品
bound	〜する義務がある、きっと〜する、境界
bargain	お買い得品、交渉する
conversion	転換、変換
statistics	統計
stakeholder	利害関係者
administrative	管理の、行政の
taxpayer	納税者
alliance	提携、同盟
minimize	最小にする
flexibility	柔軟性
debtor	債務者
liable	責任がある、〜しがちな
authorize	権限を与える、許可する
parameter	条件、範囲、変数
integration	統合
scandal	不祥事
interval	間隔
defer	延期する
carrier	運送会社、携帯通信会社
worldwide	世界中の
payoff	見返り、報酬
ethical	倫理的な
publicly	公に、公開で
bonus	賞与、ボーナス
governance	統治、企業統治
contractor	請負業者
marketer	マーケティング担当者
benchmark	基準、指標
rebel	反逆者、反抗する
statute	法令
restructure	再構築する、リストラする
residual	残りの
bubble	バブル、泡
arbitrage	裁定取引
acceptance	受け入れ、受諾
expertise	専門知識
execute	実行する
airport	空港
warranty	保証
query	問い合わせ、質問
deem	〜とみなす
dynamic	活発な、動的な
defendant	被告
statistical	統計の
matrix	行列、母体
graph	グラフ
allowance	手当、許容量
commerce	商業
assignment	課題、割り当て、任務
enforce	施行する、強制する
emission	排出
workforce	労働力、従業員
founder	創業者
replacement	交換品、後任
warrant	保証する、令状
tenant	借り主、テナント
telecom	電気通信
accumulate	蓄積する
diversify	多様化する、分散する
feedback	意見、反応
behalf	（on behalf of）〜を代表して
exploit	利用する、搾取する
diagram	図
referendum	国民投票
indirect	間接的な
treaty	条約
auction	競売、オークション
sophisticate	洗練させる（sophisticated 洗練された）
multi	多〜（接頭語）
businessman	実業家、ビジネスマン
assembly	組み立て、議会、集会
costly	費用のかかる
commonly	一般に
superior	上司、優れた
taxation	課税
certificate	証明書
shortage	不足
technological	技術の
multinational	多国籍の
plaintiff	原告
prohibit	禁止する
withdrawal	撤退、引き出し
prediction	予測
tariff	関税
lobby	ロビー活動をする、ロビー
shrink	縮む、減る
sharply	急激に
foreigner	外国人
compensate	補償する
merge	合併する
operational	運用上の、稼働中の
consolidate	統合する、強化する
taxable	課税対象の
completion	完了
disadvantage	不利な点
productive	生産的な
managerial	管理の、経営の
subordinate	部下、下位の
compliance	法令順守
inflow	流入
pledge	誓約（する）
cabinet	内閣、戸棚
satellite	衛星
collateral	担保
modest	控えめな、ささやかな
convertible	転換できる
thereby	それによって
ledger	元帳
linear	直線的な
summit	首脳会談、頂上
repay	返済する
loyalty	忠誠心、愛顧
ministry	省（官庁）
multiply	掛ける、増やす
exclusive	独占的な、高級な
headquarter	本社を置く（headquarters 本社）
guidance	指導、指針
rental	賃貸、レンタル
comply	従う、順守する
tech	技術、テック
consensus	合意
essentially	本質的に
presidency	大統領の職、社長の任期
rational	合理的な
con	欠点、反対意見（pros and cons）
violation	違反
undermine	弱める、損なう
applicable	当てはまる
quarterly	四半期の
payroll	給与支払い、従業員名簿
identical	同一の
warehouse	倉庫
download	ダウンロード（する）
facilitate	促進する、容易にする
surge	急増（する）
substantially	大幅に
spreadsheet	表計算ソフト、スプレッドシート
accuracy	正確さ
favorable	好意的な、有利な
predecessor	前任者
annually	毎年
deputy	代理、副〜
sue	訴える
availability	入手可能性、空き状況
sole	唯一の
outsource	外部に委託する
entrepreneur	起業家
chancellor	首相、学長
lawsuit	訴訟
notably	特に
fluctuation	変動
discrimination	差別
soar	急上昇する
widespread	広く行き渡った
valid	有効な
goodwill	信用、のれん
diversification	多様化、分散
likelihood	可能性
machinery	機械類
orient	方向づける
usage	使用（量）、用法
metric	指標、メートル法の
insider	内部の人
railway	鉄道
minus	マイナス、〜を引いて
constitutional	憲法の
privatization	民営化
tactic	戦術
missile	ミサイル
invoice	請求書
remedy	救済策、治療
innovative	革新的な
accordance	（in accordance with）〜に従って
parliamentary	議会の
vertical	垂直の
reinforce	強化する
franchise	フランチャイズ、販売権
purchaser	購入者
activist	活動家
node	節点、拠点
consultancy	コンサルティング会社
classification	分類
utilize	利用する
methodology	方法論
applicant	応募者
upward	上向きの
charter	憲章、チャーター
separately	別々に
vulnerable	弱い、傷つきやすい
dominant	支配的な
citation	引用
subscription	定期購読、会費制サービス
lessee	借り手（賃借人）
downturn	下降、不況
communist	共産主義の
bust	破産した、不況
specification	仕様
execution	実行
disposal	処分
inspection	検査
sensitivity	感度、敏感さ
rally	回復する、集会
intangible	無形の
successor	後任者
exempt	免除された
globalization	グローバル化
violate	違反する
elasticity	弾力性
weaken	弱める
accrue	（利子などが）生じる、積み上がる
deduct	差し引く
reluctant	気が進まない
supervisor	上司、監督者
duplicate	複製（する）
interim	暫定的な、中間の
payout	支払い
suppress	抑える
expire	期限が切れる
electoral	選挙の
jurisdiction	管轄
ambition	野心、目標
systematic	体系的な
outsider	部外者
prevail	広く行き渡る、勝る
virtual	仮想の、事実上の
defect	欠陥
partial	部分的な
observer	観察者
copyright	著作権
ethics	倫理
algorithm	アルゴリズム
horizon	地平線、視野
popularity	人気
quantitative	量的な
desirable	望ましい
eligible	資格のある
counterpart	相手方、同等の立場の人
diminish	減らす、減る
collective	集団の
precede	先行する
simplify	簡単にする
repayment	返済
offshore	海外の、沖の
marketplace	市場
hardware	ハードウェア
comparable	比較できる、同等の
ongoing	進行中の
automobile	自動車
proxy	代理（人）
politically	政治的に
generous	気前のよい
municipal	市の、地方自治体の
hostile	敵対的な
tonne	トン
distributor	販売代理店
merit	長所
periodic	定期的な
barrel	たる、バレル
accelerate	加速する
transmit	送る、伝える
efficiently	効率よく
designate	指定する
consistently	一貫して
mandate	権限、命令（する）
merchant	商人
developer	開発者、開発業者
delegate	代表者、任せる
supermarket	スーパーマーケット
donor	寄付者
gamble	賭ける
norm	規範、標準
informal	形式ばらない
deduction	控除、推論
tighten	締める、厳しくする
amend	修正する
squeeze	圧迫する、絞る
expiration	満了、期限切れ
appraisal	評価、査定
optimistic	楽観的な
reliability	信頼性
ultimate	最終的な
neutral	中立の
axis	軸
upgrade	改良（する）、格上げ
traditionally	伝統的に
exit	出口、撤退（する）
fare	運賃
scrap	廃棄する、くず
petrol	ガソリン（英）
uncertain	不確かな
identification	身分証明、特定
pipeline	パイプライン、準備中のもの
manual	手引き、手動の
suicide	自殺
terror	恐怖、テロ
quota	割り当て、ノルマ
workplace	職場
mislead	誤解させる
trustee	受託者、理事
attorney	弁護士
domain	領域、ドメイン
frontier	最先端、辺境
seize	つかむ、差し押さえる
beneficiary	受益者
comparative	比較の
capitalism	資本主義
strictly	厳しく、厳密に
readily	すぐに、快く
fraction	一部、分数
ambitious	野心的な
wireless	無線の
solely	単に、もっぱら
capitalization	時価総額、資本化
signature	署名
pioneer	先駆者
diplomat	外交官
oversee	監督する
endorse	支持する、裏書きする
cheque	小切手（英）
landlord	家主
trademark	商標
intent	意図
auto	自動車、自動の
lessor	貸し手（賃貸人）
assurance	保証、確信
yen	円（日本の通貨）
affiliate	系列会社、提携する
statutory	法定の
consent	同意（する）
excessive	過度の
assemble	組み立てる、集める
renew	更新する
exporter	輸出業者
cumulative	累積の
prosecutor	検察官
absorb	吸収する
projection	予測、投影
slump	不振、急落（する）
lag	遅れ（る）
volatile	変動しやすい
enforcement	施行、取り締まり
sack	解雇する、袋
enthusiasm	熱意
bulk	大量、大部分
initiate	始める
calculator	計算機
obstacle	障害
render	〜にする、提供する
coup	クーデター、大成功
bundle	束、セット販売（する）
unexpected	予想外の
departure	出発、離脱
issuance	発行
capitalist	資本家
capitalize	資本化する、利用する
contractual	契約上の
differential	差、差別的な
amortization	償却、分割返済
unfair	不公平な
terminate	終了させる、解約する
advisor	顧問、助言者
inter	相互の、〜間の（接頭語）
induce	引き起こす、誘う
elite	精鋭、エリート
coordinate	調整する
nationalist	国家主義者
willingness	意欲、進んでする気持ち
tempt	誘惑する
simultaneously	同時に
broadly	大まかに、広く
demographic	人口統計の、層
prominent	目立つ、著名な
prospective	見込みのある、将来の
conglomerate	複合企業
contrary	反対の（on the contrary それどころか）
sustainable	持続可能な
stimulus	刺激、景気刺激策
actively	積極的に
credibility	信頼性
simulation	シミュレーション
senator	上院議員
adoption	採用、養子縁組
flaw	欠陥
standardize	標準化する
outlook	見通し
consolidation	統合、連結
opt	選ぶ（opt for / opt out）
sensible	賢明な
headline	見出し
exemption	免除
deploy	配置する、展開する
macroeconomic	マクロ経済の
concession	譲歩、利権
rumor	うわさ
contingent	〜次第の、臨時の
diverse	多様な
occupation	職業、占領
privately	個人的に、非公開で
guerrilla	ゲリラ
pharmaceutical	製薬の
administer	管理する、投与する
automate	自動化する
repurchase	買い戻し（する）
denote	示す
inequality	不平等
plunge	急落（する）、飛び込む
intensive	集中的な
nonetheless	それでもなお
fax	ファクス
overview	概要
correctly	正しく
horizontal	水平の
legally	法的に
installment	分割払い（の1回分）
empirical	実証的な
revive	復活させる
engagement	関与、約束、婚約
inevitable	避けられない
array	並び、多数
ballot	投票（用紙）
treasury	財務省、国庫
intermediary	仲介者
reproduce	再現する、複製する
boast	自慢する、誇る
militant	過激な（人）
discourage	やる気をなくさせる、思いとどまらせる
hierarchy	階層
shortly	まもなく
fate	運命
widen	広げる、広がる
realistic	現実的な
terminal	端末、終点、末期の
transformation	変革、変化
qualitative	質的な
deadline	締め切り
gang	集団、ギャング
tag	札、タグ
automatic	自動の
oblige	義務を負わせる
curb	抑制する
outlet	販売店、コンセント、はけ口
robust	頑健な、力強い
brokerage	証券会社、仲介手数料
verify	確かめる
accurately	正確に
tolerance	許容、寛容
devise	考案する
speculation	推測、投機
inspector	検査官
incremental	段階的な
fighter	戦士、戦闘機
subsidize	補助金を出す
grip	つかむ、把握
mathematical	数学の
assert	主張する
underwrite	引き受ける、保証する
differentiate	区別する、差別化する
correlate	相関させる
compel	強いる
destination	目的地
agriculture	農業
transmission	伝達、送信
multiplier	乗数
slowdown	減速
adverse	不利な、悪い
suspicion	疑い
virtue	美徳、長所
flee	逃げる
bureaucracy	官僚制、お役所仕事
threshold	しきい値、入り口
timely	タイミングのよい
wholesale	卸売り（の）
legitimate	正当な、合法の
privacy	プライバシー
behavioral	行動の
tangible	有形の、具体的な
dump	捨てる、投げ売りする
documentation	文書、資料
poorly	下手に、不十分に
unemployed	失業した
discharge	解放する、排出する、解雇
explicit	明確な
breakdown	内訳、故障
span	期間、範囲
bail	保釈（金）、救済する（bail out）
incumbent	現職の（人）
influential	影響力のある
appreciation	感謝、評価、価値の上昇
outflow	流出
albeit	〜ではあるが
tricky	扱いにくい
spokesman	広報担当者
correction	訂正、調整
contingency	不測の事態
formally	正式に
recipient	受取人
subtract	引く
surrender	降伏する、引き渡す
judicial	司法の
certainty	確実性
mainstream	主流
administrator	管理者
logical	論理的な
rebuild	再建する
corrupt	腐敗した
integrity	誠実さ、完全性
proposition	提案、命題
litigation	訴訟
amid	〜の最中に
generic	一般的な、後発品の
bold	大胆な
questionnaire	アンケート
shipment	出荷、発送品
straightforward	分かりやすい、率直な
handful	一握り、少数
loyal	忠実な
layout	配置、レイアウト
unchanged	変わらない
queue	列（に並ぶ）
bidder	入札者
respective	それぞれの
deliverable	成果物、納品物
textbook	教科書
depict	描写する
odds	見込み、確率
subscriber	加入者、購読者
lifetime	生涯
allegation	申し立て、疑惑
redemption	償還、買い戻し
downward	下向きの
grid	格子、送電網
newsletter	会報、ニュースレター
meaningful	意味のある
depreciate	価値が下がる、償却する
interface	接点、インターフェース
digit	（数字の）桁、指
convenient	便利な、都合のよい
jet	ジェット機
hybrid	混成の、ハイブリッド
foster	育成する、促進する
provoke	引き起こす、怒らせる
inevitably	必然的に
shopper	買い物客
dilemma	板ばさみ
invention	発明
info	情報（information の略）
calendar	カレンダー、予定表
secular	世俗の、長期的な
cease	やめる、終わる
distress	苦痛、経営難
withhold	差し控える、源泉徴収する
sterling	英ポンド、すばらしい
legacy	遺産、旧来の
thrive	繁栄する
autonomy	自治、自主性
commander	指揮官
toll	通行料、犠牲者数
accountability	説明責任
incorporation	法人化、組み込み
equip	装備させる
batch	一回分、束
essence	本質
prescription	処方せん
convenience	便利さ
termination	終了、解約
invasion	侵略
bondholder	債券保有者
unveil	発表する、公開する
intrinsic	本来の、固有の
continent	大陸
translation	翻訳
computation	計算
diplomatic	外交の
advisory	助言の、勧告
battery	電池
modification	修正
convey	伝える、運ぶ
customize	カスタマイズする
ingredient	材料、要素
formerly	以前は
optimization	最適化
ton	トン
recycle	リサイクルする
spectrum	範囲、スペクトル
tuple	組（データの）
magnitude	大きさ、規模
theft	盗難
quit	やめる
validity	有効性
interact	交流する、相互に作用する
gallon	ガロン
considerably	かなり
intervene	介入する
repertoire	レパートリー
halt	停止（する）
niche	すき間（市場）
shed	落とす、削減する、小屋
motive	動機
whereby	それによって
median	中央値
wholly	完全に
supposedly	〜とされている
crude	原油、粗い
commissioner	委員、長官
sufficiently	十分に
protocol	手順、議定書
constrain	制約する
installation	設置
publicity	宣伝、評判
blank	空白（の）
embed	埋め込む
legislature	議会
steer	舵を取る、導く
beneficial	有益な
punish	罰する
predictable	予測できる
liquidation	清算、整理
chaos	混乱
tailor	合わせて作る、仕立て屋
impairment	減損、損傷
harvest	収穫（する）
insert	挿入する
residential	住宅の
electrical	電気の
fluctuate	変動する
migrant	移住者
objection	異議
macroeconomics	マクロ経済学
accommodate	収容する、対応する
preliminary	予備の
refund	返金（する）
accrual	発生（主義）、未払金
confront	立ち向かう
punishment	罰
passive	受け身の
conditional	条件付きの
orientation	方向性、新人研修
dispose	処分する（dispose of）
scrutiny	精査
accordingly	それに応じて
exile	亡命、追放
prescribe	処方する、規定する
inherent	本来備わっている
explicitly	明確に
clever	賢い
steadily	着実に
payback	回収、見返り
sacrifice	犠牲（にする）
semi	半〜（接頭語）
feasible	実行可能な
conviction	確信、有罪判決
continuously	継続的に
junk	がらくた、低格付けの
leak	漏れる、漏えい
tier	段階、層
transparency	透明性
inadequate	不十分な
acre	エーカー
levy	課す、税
freely	自由に
reliance	依存
covenant	契約、誓約
officially	公式に
prosecute	起訴する
materially	実質的に
convict	有罪判決を下す
procurement	調達
clash	衝突（する）
deter	思いとどまらせる
prosecution	起訴、検察側
nasty	不快な
condemn	非難する
frustrate	いらいらさせる、妨げる
operative	作動している、工作員
privatize	民営化する
endure	耐える
doctrine	方針、教義
distort	ゆがめる
triple	3倍の
textile	織物、繊維
dislike	嫌う
manipulate	操作する
unity	団結
alpha	アルファ版、超過収益
refine	改良する
implicit	暗黙の
deflation	デフレ
antitrust	独占禁止の
practitioner	実務家、開業医
prosperity	繁栄
riot	暴動
cater	料理を提供する、応える（cater to）
container	容器、コンテナ
drill	訓練、ドリル
align	そろえる、一致させる
reinvest	再投資する
remainder	残り
provincial	地方の、州の
puzzle	謎、パズル
alert	警戒（させる）、注意深い
concede	認める、譲る
advertiser	広告主
planner	計画者、手帳
alike	同様に
controversy	論争
unusually	いつになく
fierce	激しい
veto	拒否権（を行使する）
instant	即座の
ceasefire	停戦
handset	（携帯電話の）端末
sentiment	感情、市場心理
vest	ベスト、権利を与える
beef	牛肉
economically	経済的に
combat	戦う、戦闘
parity	同等
notify	通知する
centralize	集中させる
sovereign	主権を持つ、ソブリン
estimation	見積もり
clarify	明らかにする
basket	かご、まとめたもの
lucrative	もうかる
stabilize	安定させる
repeatedly	繰り返し
molecule	分子
variability	変動性
strive	努力する
cure	治療（する）
creativity	創造性
bribe	わいろ（を贈る）
evident	明らかな
caution	注意、警告
reservation	予約、懸念
militia	民兵
wisdom	知恵
enact	制定する
controller	経理部長、制御装置
bankrupt	破産した
shield	盾、守る
pact	協定
discretion	裁量、慎重さ
cautious	慎重な
supervision	監督
leisure	余暇
dictate	指示する、決定づける
purely	純粋に
substitution	代替
pursuit	追求
minimal	最小限の
eager	熱心な
seasonal	季節の
vector	ベクトル、方向
institute	研究所、設ける
endowment	寄付金、才能
suburb	郊外
disability	障害
governmental	政府の
inefficient	非効率な
partially	部分的に
competence	能力
closure	閉鎖
slash	大幅に削減する
overlook	見落とす、見渡す
logistics	物流
scarce	乏しい
fleet	船団、保有車両
restraint	抑制
follower	支持者、フォロワー
torture	拷問
crunch	危機、不足
certify	証明する
receiver	受信機、管財人
collaboration	協力
logo	ロゴ
overlap	重なる、重複
resume	再開する、履歴書（résumé）
encyclopedia	百科事典
lump	塊、一括の
momentum	勢い
probe	調査（する）
aversion	嫌悪、回避
reconcile	調整する、一致させる
indirectly	間接的に
mandatory	義務的な
yuan	元（中国の通貨）
namely	すなわち
liberty	自由
temporarily	一時的に
decent	まともな、きちんとした
reassure	安心させる
appetite	食欲、意欲
tobacco	たばこ
unpopular	人気のない
confine	限定する、閉じ込める
consultation	相談、協議
quantify	数値化する
recruitment	採用
ceiling	天井、上限
persist	続く、固執する
gauge	測る、計器
plug	差し込む、プラグ
corn	とうもろこし
skeptical	懐疑的な
legislative	立法の
independently	独立して
junior	下級の、年下の
negligence	過失
architect	建築家、設計者
determinant	決定要因
redeem	償還する、引き換える
tribunal	裁判所、審判所
probable	ありそうな
chunk	かたまり、大部分
proprietary	独自の、専有の
icon	アイコン、象徴
intermediate	中級の、中間の
steep	急な、急激な
conform	従う、適合する
acid	酸
safeguard	保護（する）
loom	迫る
uranium	ウラン
deductible	控除できる、免責額
postpone	延期する
conceptual	概念的な
assault	暴行、攻撃
optimism	楽観
painful	つらい
ruler	支配者、定規
faction	派閥
null	無効の
forge	築く、偽造する
freight	貨物
rig	不正に操作する、装置
accountable	説明責任がある
super	すばらしい、超〜
abolish	廃止する
predetermine	あらかじめ決める
inherit	受け継ぐ
forum	討論の場
supervise	監督する
overnight	一晩で、夜通し
revision	改訂
analytical	分析的な
congressional	議会の
spy	スパイ
necessity	必要性
fiber	繊維、光ファイバー
stall	行き詰まる、売店
exclusively	独占的に、もっぱら
await	待つ
lure	誘い込む
desperate	必死の
populist	大衆迎合主義の
unnecessary	不必要な
similarity	類似点
contemplate	熟考する
socially	社会的に
admission	入場、入学、承認
raid	急襲
diplomacy	外交
liquidate	清算する
lifestyle	生活様式
rocket	ロケット、急上昇する
debenture	社債
collar	えり（white-collar 事務職の）
outperform	上回る
irrelevant	無関係の
diamond	ダイヤモンド
optimize	最適化する
promotional	販売促進の
broadband	ブロードバンド
reactor	原子炉
traveler	旅行者
equality	平等
entail	伴う
compile	まとめる、編集する
circulation	流通、発行部数
petition	請願（する）
attributable	〜に起因する
revolutionary	革命的な
carmaker	自動車メーカー
discretionary	自由裁量の
reconciliation	照合、和解
directive	指令
mutually	相互に
viable	実行可能な
subprime	低所得者向けの（ローン）
refusal	拒否
outfit	服装、組織
approximate	おおよその
geographic	地理的な
consortium	共同事業体
speculative	投機的な
policeman	警察官
historically	歴史的に
resemble	似ている
amortize	償却する、分割返済する
exploration	探検、探査
deliberately	わざと、慎重に
mill	工場、製粉所
loser	敗者
subjective	主観的な
builder	建設業者
mainland	本土
retreat	後退（する）、研修旅行
peaceful	平和な
importantly	重要なことに
backward	後ろへ、遅れた
counterparty	取引相手
ambassador	大使
overwhelm	圧倒する
consistency	一貫性
unprecedented	前例のない
declaration	宣言、申告
rebate	払い戻し
retention	保持、定着
harsh	厳しい
contend	主張する、争う
covariance	共分散
jointly	共同で
resignation	辞職
promptly	すぐに
removal	除去
exclusion	除外
bomber	爆撃機、爆弾犯
occurrence	発生
exceptional	例外的な、並外れた
viewer	視聴者
spur	刺激する、拍車をかける
anniversary	記念日
hazard	危険
packet	小包、パケット
omit	省略する
prospectus	目論見書、案内書
conscious	意識している
robot	ロボット
placement	配置、職業紹介
desktop	デスクトップ
telecommunication	電気通信
buffer	緩衝、余裕
attain	達成する
infect	感染させる
formulate	策定する
socialist	社会主義の
browser	ブラウザ
cyclical	周期的な、景気循環の
exaggerate	誇張する
likewise	同様に
cartel	カルテル
triumph	勝利
rationale	根拠
processor	処理装置、加工業者
divert	そらす、転用する
delegation	代表団、委任
arguably	ほぼ間違いなく
ordinate	縦座標
casualty	死傷者
verdict	評決
dot	点
distinctive	独特の
inflationary	インフレの
salesperson	販売員
tort	不法行為
positively	前向きに、明確に
unlimited	無制限の
inflate	膨らませる、つり上げる
constituency	選挙区、支持層
mineral	鉱物
explosion	爆発
liberalization	自由化
buyout	買収
separation	分離
memo	メモ、社内連絡
dissolve	解散する、溶かす
donation	寄付
remarkably	著しく
internationally	国際的に
spark	引き起こす、火花
migration	移住、移行
retrieve	取り戻す
individually	個別に
circuit	回路
dip	下落（する）
certification	認証
slogan	標語
competitiveness	競争力
inclusion	包含、含めること
copper	銅
poison	毒
justification	正当化、理由
outright	完全な、即座に
stance	立場
fringe	周辺、付加的な
bitter	苦い、激しい
wheat	小麦
hostility	敵意
enlargement	拡大
hub	中心、拠点
trim	削減する、整える
lesser	より小さい
republic	共和国
forthcoming	来たる、協力的な
accessible	利用しやすい
deteriorate	悪化する
denounce	非難する
artificial	人工の
trait	特性
workshop	研修会、作業場
protester	抗議者
portray	描く
echo	反響、繰り返す
haul	運ぶ、獲得量
financially	財政的に
maximization	最大化
bureaucrat	官僚
afterward	その後
competency	能力
directory	名簿、ディレクトリ
spouse	配偶者
dissolution	解散
distortion	ゆがみ
continually	絶えず
coordination	調整
subscribe	購読する、申し込む
renewal	更新
awkward	気まずい、扱いにくい
slack	たるみ、ゆるい
celebrity	有名人
drift	漂う、緩やかな変化
vaccine	ワクチン
insufficient	不十分な
particle	粒子
flavor	風味
emergence	出現
interference	干渉
indifference	無関心
geographical	地理的な
voucher	引換券
encompass	含む
proportional	比例した
seminar	セミナー
uncover	明らかにする
petty	ささいな
convergence	収束
worsen	悪化する
rejection	拒否
reorganization	再編成
mitigate	和らげる
successive	連続する
blend	混ぜる
performer	演者、成績を上げる人
simplicity	単純さ
static	静的な
deregulation	規制緩和
computerize	コンピューター化する
succession	継承、連続
royalty	使用料、印税
classroom	教室
spectacular	壮観な
macro	マクロ、大規模な
flourish	栄える
insurgent	反乱者
script	台本、文字
relevance	関連性
complement	補う
oral	口頭の
setup	設定、仕組み
notable	注目すべき
tranche	（分割発行の）一回分
numerical	数値の
policymaker	政策立案者
technically	技術的に、厳密には
organ	臓器、機関
cheat	だます、不正をする
utilization	利用
tumble	急落する
baseline	基準
template	ひな形
cheer	応援する、元気づける
dependence	依存
instability	不安定
obituary	死亡記事
ray	光線
peso	ペソ
denominate	（通貨で）表示する
shortfall	不足額
durable	耐久性のある
countryside	田舎
originate	始まる、生じる
bureaucratic	官僚的な
periodically	定期的に
campus	キャンパス
stochastic	確率的な
kidnap	誘拐する
prevention	予防
redundancy	余剰人員、解雇、重複
dictator	独裁者
dual	二重の
brick	れんが
internally	内部で
unhappy	不満な
erode	浸食する、むしばむ
refinance	借り換える
tribal	部族の
empower	権限を与える
oversight	監督、見落とし
transparent	透明な
predictor	予測因子
interfere	干渉する
dominance	優位
segmentation	区分化、細分化
hugely	大いに
arbitrary	恣意的な
seemingly	見たところ
integral	不可欠な
wholesaler	卸売業者
renewable	再生可能な
bilateral	二国間の
visa	ビザ
disagreement	意見の相違
cotton	綿
intensity	強さ
routinely	決まって
displace	取って代わる、追い出す
immune	免疫のある
obscure	不明瞭な
mobility	移動性、流動性
dilute	薄める
precedent	前例
elaborate	詳しい、詳しく述べる
reprint	再版（する）
bull	雄牛、強気の
grocery	食料品
satisfactory	満足のいく
clone	複製
extremist	過激派
peg	固定する
idle	遊んでいる、稼働していない
urgent	緊急の
affordable	手頃な
allegedly	伝えられるところでは
laptop	ノートパソコン
annualize	年率換算する
turmoil	混乱
reinforcement	強化
wary	用心深い
salespeople	販売員たち
credible	信頼できる
woe	苦難
capita	（per capita）一人あたり
underestimate	過小評価する
tolerate	許容する
casino	カジノ
physics	物理学
downside	マイナス面
fragile	壊れやすい
invade	侵略する
steam	蒸気
subtle	微妙な
hydrogen	水素
underground	地下の
replicate	再現する
crush	押しつぶす
appliance	家電製品
thereafter	その後
generator	発電機
breakthrough	大躍進、突破口
rhetoric	言葉巧みな表現
delta	差分、デルタ
seldom	めったに〜ない
marketable	市場性のある
plausible	もっともらしい
graphics	図表、グラフィックス
conjunction	（in conjunction with）〜と共に
pan	なべ、酷評する
overhaul	全面的に見直す
sensor	センサー
doubtful	疑わしい
ideological	思想的な
tribe	部族
grasp	把握する
interactive	双方向の
injection	注射、注入
bracket	区分、括弧
inappropriate	不適切な
outrage	激しい怒り
hurdle	障害
morale	士気
coincide	同時に起こる、一致する
commentator	解説者
premier	首相、最高の
insurgency	反乱
incline	傾ける、気持ちが向く
averse	嫌って
pill	錠剤
nomination	指名
enlarge	拡大する
ethanol	エタノール
fairness	公平さ
locally	地元で
dependency	依存
prepayment	前払い
externality	外部性
helicopter	ヘリコプター
disrupt	混乱させる
confidential	機密の
slot	枠、すき間
perpetual	永続的な
mild	穏やかな
ration	配給（する）
mini	小型の
mosque	モスク
inability	できないこと
pet	ペット
discriminate	差別する、区別する
analytic	分析的な
highway	幹線道路
proliferation	拡散、急増
autonomous	自律した
prone	〜しがちな
disruption	混乱、途絶
drawback	欠点
inefficiency	非効率
relieve	和らげる、交代する
downgrade	格下げ（する）
ideology	思想
greenhouse	温室
plead	嘆願する、（罪を）認める
openly	公然と
elastic	弾力的な
oust	追い出す
spite	（in spite of）〜にもかかわらず
thorough	徹底的な
forbid	禁じる
entrant	新規参入者
underwriter	引受業者、保険業者
cattle	牛
overtime	残業
newcomer	新人
prolong	長引かせる
salvage	救い出す
pursuant	（pursuant to）〜に従って
appropriately	適切に
cleaner	清掃員、洗剤
accusation	非難、告発
entrepreneurial	起業家の
devaluation	（通貨の）切り下げ
outlay	支出
simulate	模擬実験をする
continental	大陸の
precious	貴重な
regain	取り戻す
differentiation	差別化
restrictive	制限的な
deed	証書、行為
competent	有能な
horror	恐怖
mechanical	機械的な
nationwide	全国的な
occasional	時々の
earthquake	地震
nominate	指名する
globe	地球、地球儀
sovereignty	主権
asylum	亡命、保護
isolation	孤立
circulate	回覧する、流通する
overstate	誇張する
partition	仕切り、分割
hypothetical	仮定の
deprive	奪う
homeowner	住宅所有者
investigator	調査員
explosive	爆発的な、爆薬
tactical	戦術的な
psychology	心理学
reap	（利益を）得る
disposable	使い捨ての、可処分の
arbitration	仲裁
furnish	備え付ける、提供する
boycott	不買運動
discrete	個別の
gloomy	暗い、悲観的な
unpredictable	予測できない
worthwhile	やりがいのある
consecutive	連続した
accumulation	蓄積
disastrous	悲惨な
dissident	反体制派
tremendous	ものすごい
prototype	試作品
defensive	防御的な
cinema	映画館
communism	共産主義
unpaid	未払いの、無給の
drain	流出させる、排水口
frustration	いらだち
mentor	指導者
fret	いらいらする
depart	出発する
undervalue	過小評価する
diligence	勤勉、（due diligence）適正評価
suspicious	疑わしい
outweigh	上回る
reminder	思い出させるもの、催促
yearly	毎年の
undoubtedly	疑いなく
composite	複合の
specialty	専門、名物
pizza	ピザ
micro	微小な、ミクロの
ideally	理想的には
casual	気楽な、普段着の
amongst	〜の中で（among）
congressman	下院議員
transit	輸送、通過
meantime	その間（in the meantime）
ratify	批准する
healthcare	医療
eventual	最終的な
vague	あいまいな
correspondent	特派員
doom	破滅（させる）
rage	激怒
myth	神話、作り話
synthetic	合成の
inspect	検査する
outbreak	発生
separatist	分離主義者
deficiency	不足、欠陥
imbalance	不均衡
bolster	強化する
constructive	建設的な
laser	レーザー
smuggle	密輸する
loop	輪、繰り返し
proclaim	宣言する
vacation	休暇
audio	音声の
delete	削除する
disable	無効にする
commence	始める
skeptic	懐疑論者
bounce	はね返る、回復する
defective	欠陥のある
reformer	改革者
endorsement	支持、推薦
unwilling	気が進まない
cheaply	安く
enrich	豊かにする
prop	支える、支柱
depositor	預金者
cargo	貨物
clout	影響力
thumb	親指
mall	ショッピングモール
authorization	許可、認可
faculty	能力、教授陣
decree	法令
collectively	まとめて
conspiracy	陰謀
dioxide	二酸化物
enhancement	強化、向上
decentralize	分散させる
explode	爆発する
pensioner	年金受給者
unauthorize	（unauthorized）無許可の
pin	ピン、留める
aluminum	アルミニウム
presume	推定する
prudent	慎重な
dispatch	派遣する、発送する
spill	こぼす、流出
census	国勢調査
vow	誓う
ineffective	効果のない
adequately	十分に
prosper	繁栄する
devastate	壊滅させる
testimony	証言
manipulation	操作
cooperative	協力的な、協同組合
streamline	合理化する
rigid	硬直した
tenure	在職期間、終身在職権
milestone	節目
optimum	最適な
subsection	小区分
excellence	優秀さ
thoroughly	徹底的に
dose	1回分の量
formulation	策定、配合
exert	（力を）行使する
expectancy	期待、（life expectancy）平均寿命
syndicate	企業連合
discontinue	中止する
unfavorable	不利な
proprietorship	所有権、個人事業
franc	フラン
policyholder	保険契約者
sustainability	持続可能性
supervisory	監督の
brochure	パンフレット
sheer	全くの
electorate	有権者
realization	実現、気づき
neo	新〜（接頭語）
reinvestment	再投資
clue	手がかり
scratch	ひっかく、（from scratch）一から
dissent	異議
pit	穴、対立させる
intrigue	興味をそそる
patch	修正プログラム、布切れ
brave	勇敢な
pending	未決の、〜まで
scatter	まき散らす
annum	（per annum）年あたり
mar	損なう
restrain	抑える
configuration	構成、設定
reportedly	伝えられるところでは
rewrite	書き直す
broaden	広げる
negotiator	交渉担当者
offensive	攻撃的な、不快な
rape	性的暴行
embody	具体化する
deployment	展開、配置
detection	検出
bullet	弾丸、箇条書きの点
permanently	永久に
intelligent	知的な
conservation	保護、保存
slim	わずかな、細い
synergy	相乗効果
incomplete	不完全な
beam	光線、梁
disguise	変装、隠す
charitable	慈善の
selective	選択的な
assertion	主張
dictatorship	独裁
fraudulent	不正な
constituent	構成要素、有権者
compatible	互換性のある、両立する
fiduciary	受託者（の）
inference	推論
speculate	推測する、投機する
liter	リットル
citizenship	市民権
rebound	回復（する）
beverage	飲料
scorecard	評価表
ounce	オンス
tunnel	トンネル
clinic	診療所
referral	紹介
plague	苦しめる、疫病
killer	殺人者、決定的な
grave	重大な、墓
residence	住居
poster	ポスター
contributor	貢献者、寄稿者
cognitive	認知の
negotiable	交渉可能な
reconstruction	再建
restate	言い直す、修正再表示する
rightly	正しく
converge	集まる、収束する
sadly	悲しいことに
paramilitary	準軍事的な
incorrect	不正確な
compulsory	強制的な
dismantle	解体する
precision	精密さ
ink	インク
duly	正式に、予定どおり
baseball	野球
reformist	改革派
imminent	差し迫った
editorial	社説、編集の
sympathy	同情、共感
forecaster	予報士、予測者
clip	切り抜き、短い動画、留める
conceal	隠す
lab	研究室
unrelated	無関係の
clarity	明確さ
rigorous	厳密な
suite	一続きの部屋、ソフト一式
flotation	株式公開、浮くこと
atom	原子
hitherto	これまで
apple	りんご
maneuver	策略、操作する
prosperous	繁栄している
launder	洗浄する（資金洗浄）
statistically	統計的に
instructor	講師
instruct	指示する、教える
specialization	専門化
globally	世界的に
hungry	空腹の
cleric	聖職者
pronounce	発音する、宣言する
archive	記録保管所、保存する
unify	統一する
redesign	設計し直す
adhere	従う、くっつく
dash	突進する、ダッシュ記号
enthusiastic	熱心な
rein	手綱、抑える
dismissal	解雇、却下
empowerment	権限委譲
revival	復活
nationalize	国有化する
swiftly	迅速に
trainee	研修生
nationalism	国家主義
void	無効の
confirmation	確認
prejudice	偏見
enforceable	強制できる
instinct	本能
dub	名づける
deliberate	意図的な、熟考する
approximation	近似値
unsecured	無担保の
quotation	見積もり、引用
cruise	船旅
timetable	時刻表、予定表
mold	型、形づくる
blast	爆発、強風
seeker	探す人
accomplishment	達成
alas	ああ、悲しいかな
impair	損なう
memorandum	覚書、社内文書
testify	証言する
prod	突く、促す
liberalize	自由化する
bully	いじめる
persistent	しつこい、持続する
catastrophe	大惨事
endless	終わりのない
revaluation	再評価、切り上げ
swell	膨らむ
cancellation	取り消し
worthy	価値がある
resale	転売
progressive	進歩的な、段階的な
corrective	是正の
physician	医師
genocide	大量虐殺
legitimacy	正当性
speculator	投機家
inconsistent	一貫しない
captain	船長、主将
plainly	はっきりと
equate	同一視する
programmer	プログラマー
unexpectedly	思いがけず
timber	木材
credential	資格、認証情報
lately	最近
randomly	無作為に
colonial	植民地の
underpin	支える
diary	日記
heir	相続人、後継者
genuinely	本当に
passport	パスポート
severely	ひどく
grim	厳しい、暗い
relational	関係の
brutal	残忍な、厳しい
quasi	準〜、ある程度の
monopolist	独占企業
physically	身体的に
disposition	気質、処分
histogram	ヒストグラム
misunderstand	誤解する
stack	積み重ね、積む
recipe	作り方、秘けつ
outgoing	外向的な、退任する
worksheet	作業用紙
biography	伝記
serial	連続の、シリアル
intercept	傍受する、途中で捕らえる
dent	へこませる、減らす
absorption	吸収
importer	輸入業者
verbal	口頭の
peacekeeping	平和維持
continuity	継続性
geography	地理
dismal	ひどい、陰気な
magnetic	磁気の
generalize	一般化する
confrontation	対立
demise	終わり、消滅
reversal	逆転
tide	潮流
saver	貯蓄者、節約するもの
tick	チェック印、刻む
bug	不具合、虫
intensify	強める
reluctance	気が進まないこと
aviation	航空
defy	逆らう
confer	授ける、協議する
portable	持ち運びできる
surveillance	監視
decimal	小数（の）
realizable	実現可能な、換金できる
