the	その、あの（特定のものを指す）
be	〜である、いる、ある
and	そして、〜と〜
of	〜の
to	〜へ、〜に
a	1つの、ある
in	〜の中に、〜で
have	持っている、〜がある
it	それ
you	あなた（たち）
he	彼
for	〜のために、〜の間
they	彼ら、それら
not	〜でない
that	あれ、それ、〜ということ
we	私たち
on	〜の上に、〜に接して
with	〜と一緒に、〜を使って
this	これ、この
I	私
do	する
as	〜として、〜のように
at	〜で、〜に（地点・時刻）
she	彼女
but	しかし
from	〜から
by	〜によって、〜のそばに
will	〜だろう、〜するつもり
or	または
say	言う
go	行く
so	だから、とても
all	すべて（の）
if	もし〜なら
one	1、1つ
would	〜だろう、〜したものだ
about	〜について、約
can	〜できる
which	どちら、〜するところの
there	そこに、〜がある
know	知っている
more	もっと多くの
get	得る、〜になる
who	誰、〜する人
like	好む、〜のような
when	いつ、〜するとき
think	考える、思う
make	作る、〜させる
time	時間、〜回
see	見る、わかる
what	何
up	上へ
some	いくつかの、いくらかの
other	他の
out	外へ
good	良い
people	人々
year	年、1年
take	取る、連れて行く、（時間が）かかる
no	いいえ、少しも〜ない
well	よく、うまく、ええと
because	なぜなら、〜なので
very	とても
just	ちょうど、ただ〜だけ
come	来る
could	〜できた、〜かもしれない
work	働く、仕事、作品
use	使う、使用
than	〜よりも
now	今
then	それから、その時
also	〜もまた
into	〜の中へ
only	〜だけ、唯一の
look	見る、〜に見える
want	欲しい、〜したい
give	与える
first	最初の、まず
new	新しい
way	方法、道
find	見つける、わかる
over	〜の上に、〜を越えて、終わって
any	何か、どんな〜でも
after	〜の後で
day	日、昼
where	どこ、〜するところ
thing	もの、こと
most	最も、たいていの
should	〜すべきだ
need	必要とする、必要
much	多くの、とても
right	正しい、右、権利、ちょうど
how	どのように、どれほど
back	後ろ、背中、戻って
mean	意味する、意地悪な
even	〜でさえ、さらに
may	〜かもしれない、〜してもよい
here	ここに
many	多くの
such	そのような
last	最後の、この前の、続く
child	子ども
tell	伝える、話す
really	本当に
call	呼ぶ、電話する
before	〜の前に
company	会社、仲間
through	〜を通って、〜を通じて
down	下へ
show	見せる、番組
life	生活、人生、命
man	男性、人
change	変える、変化、おつり
place	場所、置く
long	長い、長く
between	〜の間に
feel	感じる
too	〜もまた、あまりにも
still	まだ、それでも、静かな
problem	問題
write	書く
same	同じ
lot	たくさん
great	素晴らしい、大きな
try	試す、努力する
leave	去る、残す、休暇
number	数、番号
both	両方
own	自分自身の、所有する
part	部分、役割
point	点、要点、指さす
little	小さい、少し
help	助ける、助け
ask	尋ねる、頼む
meet	会う
start	始める、始まり
talk	話す
something	何か
put	置く
another	もう1つの、別の
become	〜になる
interest	興味、利子、興味を持たせる
country	国、田舎
old	古い、年をとった
each	それぞれの
school	学校
late	遅い、遅れて
high	高い
different	違う、さまざまな
off	離れて、（スイッチが）切れて
next	次の
end	終わり、終える
live	住む、生きる、生の
why	なぜ
while	〜する間に、〜の一方で
world	世界
week	週
play	遊ぶ、（スポーツを）する、演奏する、劇
might	〜かもしれない
must	〜しなければならない、〜に違いない
home	家、家庭
never	決して〜ない
include	含む
course	講座、進路、もちろん（of course）
house	家
report	報告（する）
group	集団、グループ
case	場合、事例、箱
woman	女性
around	〜の周りに、約
book	本、予約する
family	家族
seem	〜のように見える
let	〜させる
again	再び
kind	種類、親切な
keep	保つ、〜し続ける
hear	聞こえる、聞く
system	仕組み、制度
every	すべての、毎〜
question	質問、疑問
during	〜の間に
always	いつも
big	大きい
set	置く、設定する、一式
small	小さい
study	勉強する、研究
follow	従う、ついて行く
begin	始める、始まる
important	重要な
since	〜以来、〜なので
run	走る、経営する
under	〜の下に
turn	回す、曲がる、順番
few	少数の
bring	持ってくる、連れてくる
early	早い、早く
hand	手、手渡す
state	状態、州、述べる
move	動く、引っ越す
money	お金
fact	事実
however	しかし
area	地域、分野
provide	提供する
name	名前、名づける
read	読む
friend	友人
month	月、1か月
large	大きい
business	事業、仕事、会社
without	〜なしで
information	情報
open	開ける、開いている
order	注文（する）、順序、命令
government	政府
word	単語、言葉
issue	問題、発行する、（雑誌の）号
market	市場
pay	支払う、給料
build	建てる、築く
hold	持つ、開催する
service	サービス、業務
against	〜に反対して、〜にもたれて
believe	信じる
second	2番目の、秒
though	〜だけれども
yes	はい
love	愛（する）、大好きだ
increase	増える、増やす、増加
job	仕事
plan	計画（する）
result	結果
away	離れて
example	例
happen	起こる
offer	申し出る、提供する、申し出
young	若い
close	閉める、近い
program	番組、計画、プログラム
lead	導く、先頭に立つ
buy	買う
understand	理解する
thank	感謝する
far	遠くに、はるかに
today	今日
hour	時間（1時間）
student	学生
face	顔、直面する
hope	望む、希望
idea	考え、アイデア
cost	費用、（費用が）かかる
less	より少ない
room	部屋、余地
until	〜まで
reason	理由
form	形、用紙、形づくる
spend	（お金・時間を）使う、過ごす
head	頭、向かう、長
car	車
learn	学ぶ、知る
level	水準、レベル
person	人
experience	経験（する）
once	一度、かつて、〜するとすぐ
member	一員、会員
enough	十分な
bad	悪い
city	都市
night	夜
able	〜できる
support	支える、支援
whether	〜かどうか
line	線、列、路線
present	現在の、贈り物、提示する
side	側、側面
quite	かなり、まったく
although	〜だけれども
sure	確かな
term	用語、期間、条件
least	最も少ない
age	年齢、時代
low	低い
speak	話す
within	〜以内に
process	過程、処理する
public	公共の、一般の人々
often	よく、しばしば
train	電車、訓練する
possible	可能な
actually	実際に
rather	むしろ、かなり
view	眺め、見方
together	一緒に
consider	よく考える、〜とみなす
price	価格
parent	親
hard	難しい、硬い、一生懸命に
party	パーティー、政党、当事者
local	地元の
control	管理（する）、制御（する）
already	すでに
concern	心配、関係する
product	製品
lose	失う、負ける
story	物語、話
almost	ほとんど
continue	続ける
stand	立つ、我慢する
whole	全体の
yet	まだ、しかし
rate	割合、料金
care	世話、気にかける
expect	予想する、期待する
effect	効果、影響
sort	種類、分類する
ever	これまでに、いつか
anything	何か、何でも
cause	原因、引き起こす
fall	落ちる、秋
deal	取引、扱う
water	水
send	送る
allow	許す、可能にする
soon	すぐに
watch	見る、腕時計
base	基礎、拠点、基づかせる
probably	たぶん
suggest	提案する、示唆する
past	過去（の）、〜を過ぎて
power	力、電力
test	試験、テスト（する）
visit	訪れる、訪問
center	中心、施設
grow	育つ、成長する、育てる
nothing	何も〜ない
return	戻る、返す
mother	母
walk	歩く、散歩
matter	問題、重要である
mind	心、気にする
value	価値、大切にする
office	事務所、職場
record	記録（する）、録音する
stay	とどまる、滞在する
force	力、強いる
stop	止める、止まる
several	いくつかの
light	光、明るい、軽い
develop	発展させる、開発する
remember	覚えている、思い出す
bit	少し
share	共有する、分け前、株
real	本当の、現実の
answer	答え（る）
sit	座る
figure	数字、人物、図、理解する（figure out）
letter	手紙、文字
decide	決める
language	言語
subject	主題、科目
class	授業、クラス、階級
development	発展、開発
town	町
half	半分
minute	分
food	食べ物
break	壊す、休憩
clear	はっきりした、片づける
future	未来、将来
either	どちらか
ago	〜前に
per	〜につき
remain	残る、〜のままである
top	頂上、最高の
among	〜の間で
win	勝つ、獲得する
color	色
involve	含む、関わらせる
reach	届く、到着する
social	社会の
period	期間、時代
across	〜を横切って、〜の向こう側に
note	メモ、注意する、紙幣
history	歴史
create	作り出す
drive	運転する、駆り立てる
along	〜に沿って
type	種類、型、入力する
sound	音、〜に聞こえる
eye	目
music	音楽
game	試合、ゲーム
political	政治の
free	自由な、無料の
receive	受け取る
moment	瞬間、ちょっとの間
sale	販売、特売
policy	方針、政策
further	さらに
body	体
require	必要とする
wait	待つ
general	一般的な、全体の
appear	現れる、〜のように見える
toward	〜の方へ
team	チーム
easy	簡単な
individual	個人（の）
full	いっぱいの、完全な
black	黒い
sense	感覚、意味、感じる
perhaps	もしかすると
add	加える
rule	規則、支配する
pass	通る、渡す、合格する
produce	生産する
sell	売る
short	短い
agree	同意する
law	法律
everything	すべてのもの
research	研究（する）
cover	覆う、扱う
paper	紙、新聞、論文
position	位置、立場、職
near	近い、〜の近くに
human	人間（の）
computer	コンピューター
situation	状況
staff	職員
activity	活動
film	映画、フィルム
morning	朝
war	戦争
account	口座、説明、アカウント
shop	店、買い物をする
major	主要な、専攻
someone	誰か
above	〜の上に
design	設計（する）、デザイン
event	出来事、行事
special	特別な
sometimes	ときどき
condition	状態、条件
carry	運ぶ
choose	選ぶ
father	父
decision	決定
table	テーブル、表
certain	確かな、ある〜
forward	前へ、転送する
main	主な
die	死ぬ
bear	耐える、生む、クマ
cut	切る、削減する
describe	説明する、描写する
himself	彼自身
available	利用できる、手が空いている
especially	特に
strong	強い
rise	上がる、上昇
girl	女の子
maybe	たぶん
community	地域社会、共同体
else	他に
particular	特定の
role	役割
join	参加する、つなぐ
difficult	難しい
please	どうぞ、喜ばせる
detail	詳細
difference	違い
action	行動
health	健康
eat	食べる
step	一歩、段階
true	本当の
phone	電話（する）
themselves	彼ら自身
draw	描く、引く
white	白い
date	日付、デート
practice	練習（する）、実践
model	模型、手本、型
raise	上げる、育てる、（資金を）集める
customer	顧客
front	前
explain	説明する
door	ドア
outside	外（で）
behind	〜の後ろに
economic	経済の
site	場所、用地、サイト
approach	近づく、取り組み方
teacher	先生
land	土地、着陸する
charge	料金、請求する、充電する、担当
finally	ついに、最後に
sign	標識、署名する、兆し
claim	主張する、要求
relationship	関係
travel	旅行する
enjoy	楽しむ
death	死
nice	良い、親切な
amount	量、額
improve	改善する
picture	写真、絵
boy	男の子
regard	〜とみなす、関心（with regard to）
organization	組織
happy	幸せな
couple	2人、夫婦、少数
act	行動する、行為
range	範囲、及ぶ
quality	質
project	事業、計画
round	丸い、一回り、〜の周りに
opportunity	機会
road	道路
accord	一致（according to 〜によれば）
list	一覧表
wish	願う
therefore	したがって
wear	着ている
fund	資金
rest	休息、残り
kid	子ども、からかう
industry	産業
education	教育
measure	測る、対策
kill	殺す
serve	仕える、（食事を）出す
likely	ありそうな
certainly	確かに
national	国の
itself	それ自身
teach	教える
field	分野、畑
security	安全、警備
air	空気
benefit	利益、恩恵
trade	貿易、取引
risk	危険
news	ニュース
standard	基準、標準の
vote	投票（する）
percent	パーセント
focus	焦点、集中する
stage	段階、舞台
space	空間、宇宙
instead	その代わりに
realize	気づく、実現する
usually	ふつう、たいてい
data	データ
single	ただ1つの、独身の
address	住所、取り組む、演説
performance	成績、性能、公演
chance	機会、可能性
accept	受け入れる
society	社会
technology	技術
mention	言及する
choice	選択
save	救う、貯める、節約する
common	共通の、よくある
culture	文化
total	合計（の）
demand	要求（する）、需要
material	材料、資料
limit	制限（する）
listen	聞く
due	〜する予定で、〜が原因で（due to）、期限の
wrong	間違った
foot	足
effort	努力
attention	注意
upon	〜の上に（onの改まった形）
check	確認する
complete	完全な、完成させる
lie	横になる、嘘
pick	選ぶ、摘む、拾う（pick up）
reduce	減らす
personal	個人的な
ground	地面
animal	動物
arrive	到着する
patient	患者、我慢強い
current	現在の、流れ
century	世紀
evidence	証拠
exist	存在する
similar	似ている
fight	戦う
leader	指導者
fine	元気な、素晴らしい、罰金
street	通り
former	以前の
contact	連絡（する）、接触
particularly	特に
wife	妻
sport	スポーツ
prepare	準備する
discuss	話し合う
response	反応、返答
voice	声
piece	1つ、断片
finish	終える
suppose	思う、仮定する
apply	申し込む、応用する、当てはまる
president	大統領、社長
fire	火、火事、解雇する
compare	比べる
court	裁判所、コート
police	警察
store	店、保管する
poor	貧しい、下手な、かわいそうな
knowledge	知識
laugh	笑う
arm	腕
heart	心臓、心
source	源、出所
employee	従業員
manage	管理する、なんとか〜する
simply	単に、簡単に
bank	銀行、土手
firm	会社、しっかりした
cell	細胞、携帯電話
article	記事、品物
fast	速い、速く
attack	攻撃（する）
foreign	外国の
surprise	驚かせる、驚き
feature	特徴、特集
factor	要因
pretty	かわいい、かなり
recently	最近
affect	影響する
drop	落とす、しずく、減少
recent	最近の
relate	関係づける、関連する
official	公式の、役人
financial	財政の、金融の
miss	逃す、恋しく思う
art	芸術
campaign	運動、選挙運動
private	私的な、民間の
pause	一時停止（する）
everyone	みんな
forget	忘れる
page	ページ
worry	心配する
summer	夏
drink	飲む、飲み物
opinion	意見
park	公園、駐車する
represent	代表する、表す
key	鍵、重要な
inside	内側（に）
manager	管理者、部長
international	国際的な
contain	含む
notice	気づく、通知
wonder	不思議に思う、驚き
nature	自然、性質
structure	構造
section	部分、区域
myself	私自身
exactly	正確に、まさに
plant	植物、工場、植える
paint	塗る、絵の具
worker	労働者
press	押す、報道機関
whatever	何でも
necessary	必要な
region	地域
growth	成長
evening	夕方、晩
influence	影響（する）
respect	尊敬（する）、点
various	さまざまな
catch	捕まえる、（乗り物に）間に合う
thus	このように、したがって
skill	技能
attempt	試みる、試み
son	息子
simple	簡単な
medium	中くらいの、媒体
average	平均（の）
stock	在庫、株
management	経営、管理
character	性格、登場人物、文字
bed	ベッド
hit	打つ、当たる、ヒット
establish	設立する、確立する
indeed	実に、確かに
final	最後の
economy	経済
fit	合う、健康な
guy	男、やつ
function	機能、働く
yesterday	昨日
image	像、印象、画像
size	大きさ
behavior	行動、振る舞い
addition	追加（in addition さらに）
determine	決定する、突き止める
station	駅、署
population	人口
fail	失敗する、〜しそこなう
environment	環境
production	生産、制作
contract	契約（する）
player	選手、演奏者
comment	意見、論評する
enter	入る、入力する
occur	起こる、思い浮かぶ
alone	ひとりで
significant	重要な、かなりの
drug	薬、麻薬
wall	壁
series	連続、シリーズ
direct	直接の、指示する
success	成功
tomorrow	明日
director	監督、取締役
clearly	明らかに、はっきりと
lack	不足（する）
review	見直し、批評（する）
depend	頼る、〜次第である
race	競争、人種
recognize	認識する、見分ける
window	窓
purpose	目的
department	部門、売り場
gain	得る、増す
tree	木
college	大学
argue	論じる、口論する
board	板、委員会、乗り込む
holiday	休日、休暇
mark	印、記号、印をつける
church	教会
machine	機械
achieve	達成する
item	項目、品目
prove	証明する、〜とわかる
cent	セント
season	季節
floor	床、階
stuff	もの、こと（くだけた言い方）
wide	広い
anyone	誰か、誰でも
method	方法
analysis	分析
election	選挙
military	軍の、軍隊
hotel	ホテル
club	クラブ、部活
below	〜の下に
movie	映画
doctor	医者
discussion	議論
sorry	すまなく思う、残念な
challenge	挑戦、難題
nation	国家、国民
nearly	ほとんど
statement	声明、発言
link	つながり、結びつける
despite	〜にもかかわらず
introduce	紹介する、導入する
advantage	利点
ready	準備ができた
marry	結婚する
strike	打つ、ストライキ
mile	マイル
seek	求める、探す
ability	能力
unit	単位、部隊
card	カード
hospital	病院
quickly	すばやく
interview	面接、インタビュー
agreement	合意、契約
release	解放する、発売する
tax	税金
solution	解決策
capital	首都、資本、大文字
popular	人気のある
specific	具体的な、特定の
beautiful	美しい
fear	恐れ（る）
aim	目的、狙う
television	テレビ
serious	深刻な、真剣な
target	目標、標的
degree	程度、度、学位
pull	引く
red	赤い
husband	夫
access	利用（する）、接近
movement	動き、運動
treat	扱う、治療する、おごる
identify	特定する、身元を確認する
loss	損失、喪失
shall	〜しましょうか、〜するものとする
modern	現代の
pressure	圧力
bus	バス
treatment	治療、扱い
conference	会議
yourself	あなた自身
supply	供給（する）
village	村
worth	〜の価値がある
natural	自然の、当然の
express	表現する、急行の
indicate	示す
attend	出席する
brother	兄弟
investment	投資
score	得点
organize	組織する、整理する
trip	旅行
beyond	〜を越えて
sleep	眠る、睡眠
fish	魚、釣りをする
promise	約束（する）
potential	潜在的な、可能性
energy	エネルギー、活力
trouble	困難、面倒
relation	関係
touch	触れる、連絡（keep in touch）
file	書類、ファイル
middle	真ん中
bar	酒場、棒
suffer	苦しむ
strategy	戦略
deep	深い
except	〜を除いて
clean	きれいな、掃除する
tend	〜する傾向がある
advance	前進、進める（in advance 前もって）
fill	満たす、記入する（fill in）
star	星、スター
network	ネットワーク、網
generally	一般に
operation	操作、手術、事業
match	試合、合う、マッチ
avoid	避ける
seat	座席
throw	投げる
task	作業、課題
normal	普通の
goal	目標、ゴール
associate	結びつける、仲間
blue	青い
positive	前向きな、肯定的な
option	選択肢
box	箱
huge	巨大な
message	伝言、メッセージ
instance	例（for instance 例えば）
style	様式、スタイル
refer	言及する、参照する
cold	寒い、冷たい、風邪
push	押す
quarter	4分の1、四半期、15分
assume	思い込む、引き受ける
baby	赤ちゃん
successful	成功した
sing	歌う
doubt	疑う、疑い
competition	競争、大会
theory	理論
propose	提案する
reference	参照、言及、推薦状
argument	議論、口論
adult	大人
fly	飛ぶ、飛行機で行く、ハエ
document	書類
pattern	型、模様
application	申込、応用、アプリ
hot	暑い、熱い、辛い
obviously	明らかに
unclear	はっきりしない
bill	請求書、法案、紙幣
search	探す、検索
separate	分ける、別々の
central	中心の
career	職業、経歴
anyway	とにかく
speech	演説、話し言葉
dog	犬
officer	役人、警官、将校
throughout	〜の至る所に、〜の間ずっと
oil	油、石油
dress	服を着る、ドレス
profit	利益
guess	推測する
fun	楽しみ、楽しい
protect	守る
resource	資源
science	科学
disease	病気
balance	釣り合い、残高
damage	損害（を与える）
basis	基礎、根拠
author	著者
basic	基本的な
encourage	励ます、促す
hair	髪
male	男性（の）
operate	操作する、手術する、営業する
reflect	反射する、反映する、よく考える
exercise	運動（する）、練習問題
useful	役に立つ
restaurant	レストラン
income	収入
property	財産、不動産、性質
previous	以前の
dark	暗い
imagine	想像する
okay	大丈夫、いいよ
earn	稼ぐ、得る
daughter	娘
post	郵便、投稿する、地位
newspaper	新聞
define	定義する
conclusion	結論
clock	時計
everybody	みんな
weekend	週末
perform	行う、演じる
professional	専門の、プロ
mine	私のもの、鉱山
debate	討論（する）
memory	記憶、思い出
green	緑の
song	歌
object	物体、目的、反対する
maintain	維持する、主張する
credit	信用、クレジット、単位
ring	指輪、鳴る、電話をかける
discover	発見する
dead	死んでいる
afternoon	午後
prefer	〜のほうを好む
extend	延長する、広げる
possibility	可能性
direction	方向、指示
facility	施設、設備
variety	多様性、種類
daily	毎日の
clothes	衣服
screen	画面
track	跡、線路、追跡する
dance	踊る
completely	完全に
female	女性（の）
responsibility	責任
original	元の、独創的な
sister	姉妹
rock	岩
dream	夢（を見る）
nor	〜もまた〜ない
university	大学
easily	簡単に
agency	代理店、機関
dollar	ドル
garden	庭
fix	修理する、固定する、決める
ahead	前方に、先に
cross	横切る、十字
yeah	うん
candidate	候補者
weight	重さ、体重
legal	法律の、合法の
proposal	提案
version	版、バージョン
conversation	会話
somebody	誰か
pound	ポンド、強く打つ
magazine	雑誌
shape	形、形づくる
sea	海
immediately	すぐに
welcome	歓迎する、ようこそ
smile	ほほえむ、笑顔
communication	伝達、意思疎通
agent	代理人、仲介者
traditional	伝統的な
replace	取り替える、取って代わる
judge	判断する、裁判官
herself	彼女自身
suddenly	突然
generation	世代
estimate	見積もる、見積もり
favorite	お気に入りの
difficulty	困難
purchase	購入（する）
shoot	撃つ、撮影する
announce	発表する
unless	〜しない限り
independent	独立した
recommend	勧める
survey	調査
majority	大多数
stick	棒、くっつく、貼る
request	依頼（する）
rich	金持ちの、豊かな
wind	風、巻く
none	誰も〜ない、少しも〜ない
exchange	交換（する）、両替
budget	予算
famous	有名な
blood	血
appropriate	適切な
block	区画、塊、ふさぐ
warm	暖かい
count	数える、重要である
scene	場面、現場
writer	作家
content	内容、満足した
prevent	防ぐ
safe	安全な、金庫
invite	招待する
mix	混ぜる
element	要素
effective	効果的な
correct	正しい、訂正する
medical	医療の
admit	認める、入れる
beat	打ち負かす、たたく、拍子
telephone	電話
copy	写し、コピーする
committee	委員会
aware	気づいている
advice	助言
handle	扱う、取っ手
glass	ガラス、コップ
trial	裁判、試み
stress	緊張、ストレス、強調する
radio	ラジオ
administration	管理、政権
complex	複雑な、複合施設
text	本文、文章、メッセージを送る
context	文脈、状況
ride	乗る
directly	直接に
heavy	重い、激しい
remove	取り除く
conduct	行う、行為
equipment	装置、設備
otherwise	さもなければ、それ以外では
title	題名、肩書き
extra	余分の、追加の
executive	重役、幹部
chair	いす、議長を務める
expensive	高価な
sample	見本、試供品
sex	性、性別
deliver	配達する、（演説を）する
video	動画、ビデオ
connection	つながり、接続
primary	主要な、最初の
weather	天気
collect	集める
inform	知らせる
principle	原理、原則
straight	まっすぐな、まっすぐに
appeal	訴える、魅力
highly	非常に、高く
trust	信頼（する）
wonderful	素晴らしい
flat	平らな、アパート
absolutely	完全に、その通り
flow	流れ（る）
fair	公平な、見本市
additional	追加の
responsible	責任がある
farm	農場
collection	収集、収集品
hang	掛ける、つるす
negative	否定的な、マイナスの
band	楽団、帯
relative	親戚、相対的な
tour	旅行、見学
alternative	代わりの、選択肢
software	ソフトウェア
pair	一対、ペア
ship	船、発送する
attitude	態度
cheap	安い
double	2倍の
leg	脚
observe	観察する、守る
sentence	文、判決
print	印刷する
progress	進歩、進む
truth	真実
nobody	誰も〜ない
examine	調べる
lay	置く、横たえる
speed	速さ
politics	政治
reply	返事（をする）
display	展示（する）、画面
transfer	移す、乗り換える、振り込み
perfect	完璧な
slightly	わずかに
overall	全体的な
intend	〜するつもりである
user	利用者
respond	答える、反応する
dinner	夕食
slow	遅い
regular	定期的な、普通の
physical	身体の、物理的な
apart	離れて
suit	スーツ、似合う、都合がよい
federal	連邦の
reveal	明らかにする
percentage	割合
peace	平和
status	地位、状況
crime	犯罪
decline	減少（する）、断る
decade	10年間
launch	開始する、発売する、打ち上げる
warn	警告する
consumer	消費者
favor	好意、お願い、賛成する
dry	乾いた、乾かす
partner	相手、協力者
institution	機関、制度
spot	場所、斑点、見つける
horse	馬
eventually	最終的に
heat	熱、温める
excite	興奮させる
reader	読者
importance	重要性
distance	距離
guide	案内する、案内人
grant	与える、補助金
taxi	タクシー
feed	食べ物を与える
pain	痛み
sector	部門、分野
mistake	間違い
ensure	確実にする
satisfy	満足させる
chief	長、主要な
cool	涼しい、かっこいい
expert	専門家
wave	波、手を振る
south	南
labor	労働
surface	表面
library	図書館
excellent	優れた
edge	端、刃
camp	キャンプ
audience	聴衆
lift	持ち上げる、エレベーター
procedure	手続き、手順
email	電子メール
global	世界的な
struggle	奮闘する、苦労
advertise	広告する
select	選ぶ
surround	囲む
extent	程度、範囲
river	川
annual	毎年の、年1回の
fully	完全に
contrast	対照、比べる
roll	転がる、巻く
reality	現実
photograph	写真
artist	芸術家
conflict	対立、衝突
entire	全体の
presence	存在、出席
crowd	群衆
corner	角、隅
gas	ガス、ガソリン
shift	移す、交代勤務
net	網、正味の
category	分類、範疇
secretary	秘書、長官
defense	防御、防衛
quick	速い
cook	料理する
spread	広げる、広がる
nuclear	核の
scale	規模、目盛り、うろこ
driver	運転手
ball	ボール
cry	泣く、叫ぶ
introduction	紹介、導入
requirement	必要条件
north	北
confirm	確認する
senior	年上の、上級の、高齢者
photo	写真
refuse	拒む
transport	輸送（する）、交通手段
emerge	現れる
map	地図
concept	概念
island	島
reform	改革（する）
neither	どちらも〜ない
football	サッカー、アメフト
survive	生き残る
flight	飛行、便
left	左、残された
solve	解決する
neighbor	隣人
background	背景、経歴
technique	技術、手法
traffic	交通
improvement	改善
tool	道具
consequence	結果
circumstance	事情、状況
smoke	煙、たばこを吸う
reaction	反応
rain	雨（が降る）
busy	忙しい
lesson	授業、教訓
brain	脳
mass	大量、大衆の、質量
funny	おかしい
contribute	貢献する、寄付する
failure	失敗
schedule	予定（表）
speaker	話し手、スピーカー
bottom	底
adopt	採用する、養子にする
combine	組み合わせる
mountain	山
waste	無駄（にする）、ごみ
hide	隠す、隠れる
marriage	結婚
ticket	切符
meal	食事
colleague	同僚
bag	かばん、袋
repeat	繰り返す
equal	等しい
expression	表現、表情
plus	〜を加えて
extremely	極めて
owner	所有者
plane	飛行機
commercial	商業の、コマーシャル
lady	女性、婦人
duty	義務、関税
strength	強さ
connect	つなぐ
cultural	文化の
arrange	手配する、並べる
scheme	計画、制度
payment	支払い
unfortunately	残念ながら
brief	短い、簡潔な
bird	鳥
demonstrate	実演する、証明する、デモをする
contribution	貢献、寄付
appreciate	感謝する、正しく評価する
chapter	章
secret	秘密
apparently	どうやら〜らしい
novel	小説、斬新な
union	組合、連合
burn	燃える、燃やす
trend	傾向
initial	最初の、頭文字
pleasure	喜び
suggestion	提案
critical	重大な、批判的な
gather	集める、集まる
mostly	主に
earth	地球
pop	ポンと鳴る、ひょいと行く、ポップ音楽
essential	不可欠な
desire	欲望、強く望む
promote	促進する、昇進させる
currently	現在
employ	雇う
path	小道、進路
topic	話題
beach	浜辺
attract	引きつける
engage	従事させる、関わる、婚約させる
powerful	強力な
flower	花
crisis	危機
settle	解決する、落ち着く
boat	ボート、船
aid	援助（する）
fan	ファン、扇風機
kitchen	台所
twice	2回、2倍
fresh	新鮮な
delay	遅れ、遅らせる
safety	安全
engineer	技術者
quiet	静かな
insurance	保険
nurse	看護師
divide	分ける
length	長さ
investigation	調査、捜査
package	小包、一式
somewhere	どこかで
expand	拡大する
commit	（罪を）犯す、約束する、専念する
obvious	明らかな
jump	跳ぶ
weapon	武器
relatively	比較的
host	主催者、主催する
winter	冬
district	地区
broad	幅広い
tire	タイヤ、疲れる
spring	春、泉、ばね
spirit	精神、気分
lunch	昼食
actual	実際の
pool	プール、共同で出し合う
battle	戦い
tradition	伝統
cash	現金
hardly	ほとんど〜ない
award	賞（を与える）
coach	コーチ、指導する
experiment	実験
consideration	考慮
strange	奇妙な、見知らぬ
code	規則、暗号、コード
possibly	もしかすると
threat	脅威
accident	事故、偶然
impossible	不可能な
revenue	収益、歳入
enable	可能にする
afraid	怖がって、残念ながら
active	活動的な
conclude	結論を下す、終える
religious	宗教の
cancer	がん
convince	納得させる
vary	異なる、変わる
environmental	環境の
sun	太陽
healthy	健康な
blow	吹く、打撃
volume	量、音量、巻
location	場所
invest	投資する
proceed	進む
wash	洗う
actor	俳優
glad	うれしい
tape	テープ
whereas	〜であるのに対して
opposite	反対の、向かい側に
stone	石
sum	合計、金額
murder	殺人
monitor	監視する、画面
soldier	兵士
finance	財務、資金を出す
hate	ひどく嫌う
egg	卵
concert	演奏会
shock	衝撃
comfortable	快適な
usual	いつもの
carefully	注意深く
pack	詰める、包み
recall	思い出す、回収
wine	ワイン
camera	カメラ
swim	泳ぐ
manufacture	製造する
theater	劇場
cycle	循環、周期、自転車に乗る
coffee	コーヒー
totally	まったく
museum	博物館、美術館
visitor	訪問者
freedom	自由
construction	建設
dear	親愛なる、大切な
objective	目的、客観的な
moreover	さらに
onto	〜の上へ
historical	歴史の
oppose	反対する
branch	枝、支店
vehicle	乗り物、車両
scientist	科学者
route	経路
bind	縛る、結びつける
belong	属する
taste	味、味わう
tonight	今夜
fashion	流行、ファッション
danger	危険
bomb	爆弾
army	軍隊
dangerous	危険な
decrease	減る、減少
hurt	傷つける、痛む
council	議会、評議会
editor	編集者
normally	普通は
sight	視力、光景
generate	生み出す
gift	贈り物、才能
delivery	配達
deny	否定する
guest	客
anybody	誰か、誰でも
bedroom	寝室
quote	引用する、見積もり
climb	登る
basically	基本的に
violence	暴力
minister	大臣、牧師
mainly	主に
mouth	口
noise	騒音
manner	方法、態度、行儀（manners）
gun	銃
square	正方形、広場
occasion	機会、場合
familiar	よく知っている、なじみのある
ignore	無視する
destroy	破壊する
affair	出来事、事柄
civil	市民の
locate	位置を突き止める、（be located）位置する
citizen	市民
temperature	温度、体温
gold	金
domestic	国内の、家庭の
load	荷物、積む
belief	信念
troop	軍隊、一団
technical	技術的な
remind	思い出させる
arrangement	手配、配置
skin	皮膚
prison	刑務所
switch	スイッチ、切り替える
acquire	手に入れる、習得する
corporate	企業の
fairly	かなり、公平に
wood	木材、森
participate	参加する
tough	厳しい、丈夫な
tear	涙、引き裂く
representative	代表者、代表的な
capacity	容量、能力
border	国境、境界
shake	振る、揺れる
assessment	評価
shoe	靴
ought	〜すべきである（ought to）
ad	広告
fee	料金、手数料
hall	会館、廊下
regulation	規制
escape	逃げる
studio	スタジオ
proper	適切な
relax	くつろぐ
tourist	観光客
component	部品、構成要素
afford	〜する余裕がある
lawyer	弁護士
suspect	疑う、容疑者
cup	カップ
description	説明、描写
confidence	自信、信頼
industrial	産業の
complain	不平を言う
perspective	見方、観点
error	誤り
arrest	逮捕する
assess	評価する
register	登録する
asset	資産
signal	信号、合図
finger	指
relevant	関連のある
explore	探検する、調べる
leadership	指導力
commitment	約束、献身
wake	目覚める
necessarily	必ず（not necessarily 必ずしも〜ない）
bright	明るい、頭のよい
frame	枠、額縁
slowly	ゆっくり
bond	きずな、債券
hire	雇う
hole	穴
tie	結ぶ、ネクタイ、引き分け
internal	内部の
chain	鎖、チェーン店
literature	文学
victim	犠牲者
threaten	脅す
division	分割、部門
secure	安全な、確保する
amaze	驚かせる
device	装置
birth	誕生
forest	森
label	ラベル
root	根
factory	工場
expense	費用
channel	経路、チャンネル
investigate	調査する
recommendation	推薦、勧告
rank	地位、順位
typical	典型的な
west	西
friendly	親しみやすい
resident	住民
provision	提供、規定
concentrate	集中する
plenty	たくさん
export	輸出（する）
entirely	完全に
strongly	強く
bridge	橋
consist	成り立つ（consist of）
graduate	卒業する、卒業生
brand	銘柄、ブランド
moral	道徳的な、教訓
insist	主張する
combination	組み合わせ
abuse	乱用（する）、虐待
ice	氷
principal	主な、校長
master	主人、習得する
definitely	間違いなく
session	会合、期間
grade	等級、成績、学年
nevertheless	それにもかかわらず
predict	予測する
previously	以前に
protection	保護
largely	主に
wed	結婚する
rent	賃貸料、借りる
shot	発砲、写真、注射
appearance	外見、出現
reasonable	妥当な、手頃な
guarantee	保証（する）
till	〜まで
theme	主題
judgment	判断
odd	奇妙な、奇数の
approve	承認する、賛成する
loan	貸付、ローン
definition	定義
elect	選挙で選ぶ
atmosphere	雰囲気、大気
farmer	農家
comparison	比較
characteristic	特徴（的な）
license	免許
rely	頼る
narrow	狭い
succeed	成功する、後を継ぐ
identity	身元、独自性
desk	机
permit	許可する、許可証
seriously	真剣に、深刻に
wild	野生の
empty	空の
commission	委員会、手数料
unique	独特の
association	協会、関連
instrument	道具、楽器
investor	投資家
practical	実用的な
tea	お茶
lovely	素敵な
soft	柔らかい
row	列
youth	若さ、若者
lock	鍵（をかける）
fuel	燃料
expectation	期待
employment	雇用
celebrate	祝う
sexual	性的な
shoulder	肩
breath	息
increasingly	ますます
import	輸入（する）
bottle	びん
ourselves	私たち自身
sheet	1枚、シーツ
engine	エンジン
cast	投げる、配役
notion	考え、概念
conservative	保守的な
journey	旅
opposition	反対、野党
relief	安心、救援
debt	借金
honor	名誉、敬意を表する
outcome	結果
blame	責める、責任
explanation	説明
arise	生じる
musical	音楽の、ミュージカル
recover	回復する
dad	お父さん
stretch	伸ばす
declare	宣言する
retire	引退する
tiny	とても小さい
careful	注意深い
suitable	適した
native	生まれた土地の、母語の
fruit	果物
analyze	分析する
witness	目撃者、目撃する
mail	郵便、送る
terrible	ひどい
researcher	研究者
ordinary	普通の
selection	選択
anywhere	どこでも
mental	精神の
participant	参加者
vision	視力、展望
personality	性格
specifically	特に、具体的に
fat	太った、脂肪
entry	入場、記入事項
fellow	仲間、男
chemical	化学の、化学物質
capture	捕らえる
tip	先端、助言、チップ
discount	割引
peak	頂上、最高点
chairman	議長、会長
proportion	割合
ear	耳
disappear	消える
shout	叫ぶ
yard	庭、ヤード
constant	絶え間ない
significantly	著しく
hill	丘
considerable	かなりの
instruction	指示、教育
intelligence	知能、情報
ideal	理想的な
folk	人々
surely	確かに
guard	守る、警備員
cat	猫
somewhat	いくぶん
kiss	キス（する）
presentation	発表
joint	共同の、関節
compete	競争する
poll	世論調査
weak	弱い
faith	信頼、信仰
reduction	削減
reserve	予約する、蓄え
complaint	苦情
bore	退屈させる
mission	使命、任務
somehow	なんとかして、どういうわけか
tone	口調、音色
neighborhood	近所
passenger	乗客
justice	正義
phase	段階
thin	薄い、やせた
rush	急ぐ
formal	正式な
religion	宗教
employer	雇い主
reject	拒否する
latter	後者（の）
plate	皿
ban	禁止（する）
steal	盗む
protest	抗議（する）
index	指数、索引
sad	悲しい
frequently	頻繁に
circle	円、仲間
helpful	役に立つ
command	命令（する）
attractive	魅力的な
sick	病気の
impression	印象
unable	〜できない
joke	冗談
sky	空
column	柱、コラム
electronic	電子の
impose	課す、押しつける
criminal	犯罪者、犯罪の
besides	〜のほかに、そのうえ
properly	きちんと
ancient	古代の
coast	海岸
ill	病気の
kick	蹴る
closely	密接に、注意深く
multiple	複数の
yield	生み出す、譲る
via	〜経由で
legislation	法律、立法
county	郡
unlike	〜と違って
mobile	移動式の、携帯電話
assistant	助手
implement	実行する、道具
chart	図表
attach	貼りつける、添付する
hell	地獄
everywhere	どこでも
advise	助言する
household	家庭、世帯
acknowledge	認める
reward	報酬、ほうび
east	東
hat	帽子
academic	学問の
voter	有権者
meanwhile	その間に、一方で
furthermore	さらに
accuse	非難する、告訴する
scientific	科学的な
wage	賃金
absence	不在、欠席
construct	建設する
remark	発言
medicine	薬、医学
professor	教授
rare	まれな
intention	意図
dozen	1ダース、12
settlement	解決、定住地
gap	すき間、差
widely	広く
minimum	最小（の）
northern	北の
estate	地所、財産
equally	等しく
expose	さらす
alive	生きている
shut	閉める
victory	勝利
resolve	解決する、決心する
critic	批評家
variable	変わりやすい、変数
enormous	巨大な
sweet	甘い
permanent	永久的な
emotion	感情
pursue	追求する
tall	背の高い
urge	強く促す
enemy	敵
appoint	任命する
milk	牛乳
talent	才能
smell	におい（がする）
prior	前の（prior to 〜より前に）
priority	優先事項
online	オンラインの
phrase	句、言い回し
pilot	操縦士
stable	安定した
merely	単に
resolution	決意、解決、解像度
communicate	意思を伝える
injury	けが
vast	広大な
exhibition	展覧会
producer	生産者、制作者
regional	地域の
immediate	即座の
incident	出来事、事件
childhood	子ども時代
draft	下書き
slip	滑る
accompany	同行する、伴う
politician	政治家
angry	怒った
knock	ノックする、たたく
seed	種
salary	給料
illustrate	説明する、図解する
imply	ほのめかす
breakfast	朝食
temporary	一時的な
liberal	自由主義の、寛大な
lake	湖
qualify	資格を得る
competitive	競争の激しい
truly	本当に
hi	やあ
yellow	黄色い
habit	習慣
disk	円盤、ディスク
core	中心、核
emotional	感情的な
aircraft	航空機
self	自己
metal	金属
existence	存在
bone	骨
panel	委員会、パネル
prime	主要な
appointment	予約、約束、任命
emphasize	強調する
maximum	最大（の）
effectively	効果的に
elsewhere	どこか他の所で
bother	悩ませる、わざわざ〜する
initiative	主導権、新たな取り組み
sharp	鋭い
diet	食事、ダイエット
motion	動き
gray	灰色の
plastic	プラスチック
complicate	複雑にする
discipline	規律、しつけ
disappoint	失望させる
boss	上司
assumption	仮定
freeze	凍る
extreme	極端な
passage	通路、一節
reputation	評判
forth	前へ（and so forth など）
negotiation	交渉
mechanism	仕組み
coat	コート、塗る
democracy	民主主義
pocket	ポケット
lucky	幸運な
crash	衝突（する）、墜落
observation	観察
meat	肉
concentration	集中
implication	影響、含み
deserve	〜に値する
unusual	珍しい
defend	守る
classic	古典的な、典型的な
king	王
interaction	交流、相互作用
repair	修理（する）
collapse	崩壊（する）
borrow	借りる
fundamental	根本的な
dish	皿、料理
abroad	外国に
soul	魂
capable	能力がある
defeat	打ち負かす、敗北
presidential	大統領の
perfectly	完全に
enhance	高める
proud	誇りに思う
emergency	緊急事態
educational	教育の
distinguish	区別する
substantial	かなりの
nearby	近くの
manufacturer	製造業者
slide	滑る
valuable	貴重な
personally	個人的に
breast	胸
cope	うまく対処する
approximately	約
accommodation	宿泊施設
highlight	強調する、見どころ
reporter	記者
climate	気候
shirt	シャツ
exception	例外
corporation	企業
chip	かけら、半導体チップ
winner	勝者
encounter	出会う、遭遇
brown	茶色の
breathe	呼吸する
excuse	言い訳、許す
partly	部分的に
tennis	テニス
urban	都市の
confuse	混乱させる
southern	南の
output	生産高、出力
beauty	美しさ
massive	巨大な
install	設置する、インストールする
calculate	計算する
mouse	ネズミ、マウス
mathematics	数学
upper	上の
creation	創造
occupy	占める
outline	概要
sufficient	十分な
update	更新（する）
luck	運
preserve	保存する
split	分ける、割る
swing	揺れる、振る
illness	病気
journalist	記者
sudden	突然の
advertisement	広告
consistent	一貫した
originally	もともと
aside	わきに
comfort	快適さ、慰める
secondly	第二に
severe	深刻な、厳しい
gene	遺伝子
prospect	見込み
snow	雪
plot	筋書き、たくらみ
neck	首
criteria	基準（criterion の複数形）
primarily	主に
integrate	統合する
criticism	批判
convention	慣習、大会
bet	賭ける
retain	保持する
sequence	順序、連続
plain	明白な、質素な、平原
volunteer	ボランティア、自ら申し出る
rural	田舎の
calm	落ち着いた
abandon	見捨てる、断念する
examination	試験、検査
silence	沈黙
rapidly	急速に
efficient	効率的な
revolution	革命
delight	大喜び（させる）
spell	つづる、呪文
premise	前提、（premises）敷地
lean	もたれる、傾く
dramatic	劇的な
differ	異なる
grateful	感謝している
protein	たんぱく質
bike	自転車
distribute	配る
intellectual	知的な
derive	由来する、引き出す
crucial	極めて重要な
unemployment	失業
wheel	車輪、ハンドル
crop	作物
minority	少数派
origin	起源
interpretation	解釈、通訳
gentleman	紳士
drama	演劇、ドラマ
landscape	風景
educate	教育する
toy	おもちゃ
fault	欠点、責任
exhibit	展示する
minor	小さな、未成年者
hunt	狩る、探す
storm	嵐
thick	厚い
achievement	達成、業績
negotiate	交渉する
dominate	支配する
supplier	供給業者
prize	賞
typically	典型的に、ふつうは
peer	同僚、仲間
pension	年金
wing	翼
acquisition	取得、買収
laughter	笑い
deeply	深く
recognition	認識、評価
electricity	電気
assistance	援助
roof	屋根
retirement	引退、退職
respectively	それぞれ
variation	変化
ultimately	最終的に
proof	証拠
soil	土
smart	賢い
layer	層
upset	動揺した、ひっくり返す
tooth	歯
representation	表現、代表
preparation	準備
dispute	論争
agenda	議題
emphasis	強調
edition	版
silver	銀
entertainment	娯楽
honest	正直な
undertake	引き受ける
retail	小売り
wire	針金、電線
unlikely	ありそうにない
gay	同性愛の、陽気な
publication	出版
slight	わずかな
unknown	知られていない
framework	枠組み
zone	地帯
restrict	制限する
trace	跡、たどる
inch	インチ
equivalent	同等の
solid	固体の、しっかりした
enterprise	企業、事業
elderly	年配の
owe	借りがある、〜のおかげである
governor	知事
uniform	制服
port	港
pitch	投げる、高さ、売り込み
arrival	到着
contemporary	現代の
gate	門、搭乗口
ease	容易さ、和らげる
beer	ビール
specialist	専門家
assure	保証する
profile	概要、横顔
mood	気分
episode	1話、出来事
crack	ひび
numerous	数多くの
submit	提出する
symptom	症状
virtually	事実上
era	時代
coverage	報道、補償範囲
tension	緊張
cable	ケーブル
sensitive	敏感な
nervous	緊張した
input	入力
isolate	孤立させる
prisoner	囚人
eliminate	取り除く
tight	きつい
wet	濡れた
secondary	第二の、二次的な
welfare	福祉
recruit	採用する
exclude	除外する
string	ひも
cloud	雲
persuade	説得する
inspire	奮い立たせる
grand	壮大な
hence	それゆえ
crew	乗組員
phenomenon	現象
pupil	生徒、ひとみ
false	間違った、偽の
assist	手伝う
restore	回復させる
formula	公式、方式
alter	変える
perceive	気づく、知覚する
routine	決まった手順、日課
sink	沈む、流し台
stare	じっと見る
anymore	もはや（〜ない）
hero	英雄、主人公
supporter	支持者
convert	変える、転換する
steady	安定した、着実な
meter	メートル、計器
truck	トラック
nose	鼻
beside	〜のそばに
sail	航海する、帆
disaster	災害
pace	速度、歩調
heavily	激しく、大量に
devote	ささげる
terrorist	テロリスト
justify	正当化する
vital	極めて重要な
fascinate	魅了する
external	外部の
spare	予備の、（時間などを）割く
whenever	〜するときはいつでも
depression	うつ病、不況
guilty	有罪の、罪悪感のある
underlie	根底にある
mom	お母さん
distinction	区別、優秀さ
satisfaction	満足
incorporate	組み込む
pour	注ぐ
sweep	掃く
obligation	義務
sir	（男性への敬称）
evaluate	評価する
anger	怒り
pub	酒場、パブ
perception	認識、知覚
naturally	自然に、当然
currency	通貨
database	データベース
initially	最初は
territory	領土、縄張り
stream	小川、流れ
rarely	めったに〜ない
height	高さ、身長
apparent	明らかな、見かけの
western	西の、西洋の
expansion	拡大
constantly	絶えず
muscle	筋肉
scare	怖がらせる
badly	ひどく
everyday	日常の
boundary	境界
ratio	比率
essay	小論文、随筆
scream	悲鳴を上げる
withdraw	引き出す、撤退する
pollution	汚染
disorder	混乱、障害
furniture	家具
symbol	象徴、記号
apartment	アパート、マンション
demonstration	実演、デモ
analyst	分析者、アナリスト
platform	（駅の）ホーム、基盤
steel	鋼鉄
cake	ケーキ
transform	変える、変形させる
wound	傷（を負わせる）
restriction	制限
foundation	基礎、財団
designer	設計者、デザイナー
strain	負担、緊張
innovation	革新
album	アルバム
singer	歌手
trail	小道、跡
trap	わな
loose	ゆるい
extension	延長、内線
wealth	富
gradually	徐々に
tank	タンク、戦車
evil	悪い、悪
remarkable	注目すべき
tune	曲、調整する
grass	草、芝生
invitation	招待
transition	移行
frighten	怖がらせる
bid	入札（する）、試み
breed	繁殖させる、品種
extraordinary	並外れた
brilliant	見事な、聡明な
adviser	助言者
stem	茎、生じる（stem from）
reverse	逆の、逆にする
mode	方式、モード
mirror	鏡
awful	ひどい
pose	姿勢をとる、（問題を）引き起こす
adjust	調整する
creative	創造的な
nowadays	近頃は
poem	詩
agricultural	農業の
competitor	競争相手
alcohol	アルコール
festival	祭り
vegetable	野菜
van	小型トラック、バン
confident	自信のある
planet	惑星
curve	曲線
knee	ひざ
overcome	乗り越える
web	網、ウェブ
depth	深さ
entrance	入口、入学
log	丸太、記録
giant	巨大な、巨人
god	神
portion	部分、1人前
substance	物質
extensive	広範囲の
interpret	解釈する、通訳する
independence	独立
sugar	砂糖
inner	内側の
harm	害（を与える）
consult	相談する、参照する
pink	ピンクの
shadow	影
strip	細長い一片、はぐ
smooth	なめらかな
intervention	介入
impress	感銘を与える
exam	試験
vice	副〜、悪徳
radical	根本的な、過激な
similarly	同様に
behave	振る舞う
loud	大声の
dimension	次元、寸法
subsequent	その後の
infection	感染
jacket	上着
efficiency	効率
dirty	汚い
statistic	統計（の数値）
regularly	定期的に
resort	行楽地、（手段に）訴える
iron	鉄、アイロン
broadcast	放送（する）
membership	会員資格
bread	パン
blind	目の見えない、ブラインド
pure	純粋な
bloody	血まみれの、（英俗）ひどい
ally	同盟国、味方
quantity	量
bend	曲げる
mature	成熟した
briefly	簡単に、少しの間
alarm	警報、目覚まし
disturb	邪魔する
sustain	維持する
flood	洪水
poverty	貧困
crazy	狂った、夢中な
cite	引用する
newly	新たに
parallel	平行の、類似点
gender	性別
sponsor	後援者、後援する
boot	ブーツ、起動する
accurate	正確な
dealer	販売業者
button	ボタン
burden	負担
desert	砂漠、見捨てる
mate	仲間、相棒
occasionally	ときどき
shareholder	株主
bowl	鉢、どんぶり
discovery	発見
resistance	抵抗
bath	風呂
frequency	頻度、周波数
criticize	批判する
tap	軽くたたく、蛇口
philosophy	哲学
lip	唇
attribute	（〜の）せいにする、特性
apologize	謝る
approval	承認
grab	つかむ
entitle	権利を与える、題をつける
lend	貸す
involvement	関与
exposure	さらすこと、露出
conventional	従来の
digital	デジタルの
translate	翻訳する
edit	編集する
formation	形成
deposit	預金、預ける
pleasant	心地よい
overseas	海外の、海外へ
advocate	主張する、支持者
establishment	設立、施設
summary	要約
rough	粗い、おおよその
pen	ペン
recovery	回復
seal	封をする、印、アザラシ
tube	管
tower	塔
characterize	特徴づける
specify	明記する
exact	正確な
spin	回転する
operator	操作する人、交換手
infant	乳児
dig	掘る
drag	引きずる
mount	登る、増える、取り付ける
wrap	包む
anticipate	予想する
dependent	頼っている
specialize	専門にする
angle	角度
chicken	鶏、鶏肉
anxiety	不安
virus	ウイルス
precisely	正確に
rival	競争相手
offense	違反、攻撃
detect	検出する
teenager	十代の若者
admire	称賛する
moderate	適度な
surgery	手術
musician	音楽家
significance	重要性
shower	シャワー、にわか雨
illegal	違法な
charity	慈善（団体）
universal	普遍的な
cigarette	たばこ
constitute	構成する
adequate	十分な
consultant	コンサルタント
historian	歴史家
cousin	いとこ
visual	視覚の
stupid	ばかな
keen	熱心な、鋭い
ethnic	民族の
twin	双子（の）
clinical	臨床の
eastern	東の
forecast	予報（する）
segment	区分
custom	習慣、（customs）税関
adapt	適応する、改作する
sand	砂
cap	帽子、ふた、上限
prompt	促す、即座の
charm	魅力
react	反応する
lecture	講義
venture	冒険的事業、思い切って〜する
compound	化合物、複合の
rescue	救助（する）
mess	散らかり、混乱
preference	好み
comprehensive	包括的な
incentive	動機づけ、奨励金
league	連盟
dialog	対話
cream	クリーム
rapid	急速な
cancel	取り消す
regret	後悔（する）
dismiss	退ける、解雇する
margin	余白、差、利幅
beneath	〜の下に
opponent	相手、反対者
resist	抵抗する
capability	能力
absolute	絶対的な
correspond	一致する、文通する
stroke	脳卒中、なでる、一打
dare	思い切って〜する
barrier	障壁
rid	取り除く（get rid of）
divorce	離婚（する）
ruin	破滅させる、遺跡
bury	埋める
counsel	助言（する）
tendency	傾向
frequent	頻繁な
motor	モーター
survival	生存
counter	カウンター、反対の
possess	所有する
permission	許可
valley	谷
float	浮く
mad	怒った、狂った
greatly	大いに
visible	目に見える
electric	電気の
impressive	印象的な
evolution	進化
awareness	意識、認識
violent	暴力的な
slave	奴隷
wealthy	裕福な
architecture	建築
acceptable	受け入れられる
journal	専門誌、日誌
coal	石炭
measurement	測定
random	無作為の
successfully	うまく
depress	落ち込ませる
illustration	挿絵、実例
burst	破裂する
privilege	特権
buyer	買い手
mutual	相互の
rail	レール、鉄道
motivate	やる気にさせる
laboratory	実験室
mortgage	住宅ローン
promotion	昇進、販売促進
passion	情熱
champion	優勝者
fulfill	果たす、満たす
dust	ほこり
dedicate	ささげる
roughly	おおよそ
skirt	スカート
province	州、地方
march	行進する
evaluation	評価
compromise	妥協（する）
accomplish	成し遂げる
weakness	弱点
announcement	発表
salt	塩
glance	ちらりと見る
opera	オペラ
contest	競技会
brush	ブラシ、磨く
embarrass	恥ずかしい思いをさせる
gallery	画廊、美術館
genetic	遺伝の
aggressive	攻撃的な、積極的な
chest	胸
format	形式
literary	文学の
govern	統治する
embrace	抱きしめる、受け入れる
praise	ほめる
silent	静かな
pump	ポンプ
publisher	出版社
celebration	祝賀
golf	ゴルフ
compensation	補償
classical	古典的な、クラシックの
weigh	重さを量る、重さが〜ある
versus	〜対〜
deficit	赤字、不足
modify	修正する
flash	ひらめき、閃光
friendship	友情
profession	職業
literally	文字どおり
equation	方程式
gesture	身ぶり
entertain	楽しませる、もてなす
fantastic	素晴らしい
assign	割り当てる
inflation	インフレ
historic	歴史的に重要な
injure	けがをさせる
remote	遠い、リモコン
therapy	療法
orange	オレンジ
twist	ねじる
personnel	職員、人事
imagination	想像力
disagree	意見が合わない
throat	のど
insight	洞察
tackle	取り組む
forever	永遠に
exceed	超える
expenditure	支出
joy	喜び
pregnant	妊娠した
reliable	信頼できる
gear	歯車、道具
click	クリックする
poet	詩人
fortune	財産、運
ceremony	式典
pile	積み重ね、積む
pig	豚
mixture	混合物
automatically	自動的に
scholar	学者
psychological	心理的な
dramatically	劇的に
stake	利害関係、くい
creature	生き物
partnership	提携
participation	参加
clause	条項、節
penalty	罰
chamber	部屋、議院
fancy	高級な、空想
poetry	詩
chat	おしゃべり（する）
clothing	衣類
evolve	進化する
sake	ため（for the sake of）
shelf	棚
boost	押し上げる
tail	尾
possession	所有、所有物
abortion	妊娠中絶
curious	好奇心の強い
wooden	木製の
boom	急成長、好景気
tale	物語
democratic	民主的な
maintenance	維持、保守
consequently	その結果
pot	鍋、つぼ
cow	牛
strengthen	強化する
whilst	〜する間に（英）
constraint	制約
fold	折りたたむ
bin	ごみ箱、容器
undergo	経験する、受ける
potentially	潜在的に
scope	範囲
pretend	ふりをする
diversity	多様性
allege	主張する（証拠なしに）
pride	誇り
intense	激しい
inquiry	問い合わせ、調査
resign	辞任する
craft	工芸、技能
strict	厳しい
concrete	具体的な、コンクリート
shell	貝殻、殻
damn	ちくしょう、ひどい
distinct	はっきりした、別個の
humor	ユーモア
limitation	制限、限界
indication	兆候、表示
stability	安定
wise	賢い
neglect	怠る、無視する
compose	構成する、作曲する
jail	刑務所
shelter	避難所
mere	単なる
carbon	炭素
regulate	規制する
cheese	チーズ
trigger	引き金、引き起こす
pipe	管、パイプ
destruction	破壊
guitar	ギター
flag	旗
piano	ピアノ
magic	魔法
mystery	謎
ski	スキー（をする）
whisper	ささやく
rear	後ろの、育てる
menu	メニュー
species	種（しゅ）
moon	月
presumably	おそらく
bless	祝福する
airline	航空会社
amendment	修正、改正
grandmother	祖母
jury	陪審、審査員
cooperation	協力
civilian	民間人
composition	構成、作曲、作文
coin	硬貨
regardless	〜にかかわらず
scan	ざっと見る、走査する
bunch	束、たくさん
racial	人種の
greet	あいさつする
hopefully	うまくいけば
sanction	制裁、認可
trick	策略、手品
paragraph	段落
maker	作る人、メーカー
chocolate	チョコレート
stimulate	刺激する
belt	ベルト
potato	じゃがいも
narrative	物語
tissue	組織、ティッシュ
barely	かろうじて
invent	発明する
tourism	観光業
pro	プロ、賛成
stair	階段
hesitate	ためらう
shine	輝く
motivation	動機、やる気
romantic	恋愛の
firmly	しっかりと
interior	内部（の）
stomach	胃、腹
nowhere	どこにも〜ない
pray	祈る
championship	選手権
servant	使用人
immigrant	移民
excess	超過
complexity	複雑さ
liability	責任、負債
surprisingly	驚くほど
extract	抜き出す、抜粋
implementation	実施
bias	偏り、偏見
differently	異なって
catalog	目録、カタログ
continuous	連続的な
golden	金色の
stamp	切手、印
guideline	指針
envelope	封筒
knife	ナイフ
biological	生物学的な
consume	消費する
luxury	ぜいたく
weekly	毎週の
wherever	どこでも
bite	かむ
printer	印刷機
firstly	第一に
anxious	心配な、切望して
adventure	冒険
fence	柵
exhaust	疲れさせる、使い果たす、排気
attraction	魅力、名所
ocean	海洋
quietly	静かに
castle	城
veteran	ベテラン、退役軍人
reflection	反射、反省、反映
nerve	神経、度胸
determination	決意
altogether	完全に、全部で
fiction	小説、作り話
carpet	じゅうたん
cluster	集団、房
confusion	混乱
hurry	急ぐ
logic	論理
controversial	議論を呼ぶ
raw	生の
grammar	文法
revise	改訂する
hint	ヒント
hook	留め金、フック
bell	鐘、ベル
liquid	液体
panic	パニック
uncle	おじ
rice	米
slope	坂
happiness	幸福
genuine	本物の
vessel	船、容器
verb	動詞
reckon	思う、考える
silly	ばかげた
transportation	輸送、交通機関
harbor	港
comedy	喜劇
chase	追いかける
storage	保管
universe	宇宙
horrible	恐ろしい
sheep	羊
lover	恋人、愛好家
rat	ネズミ
portrait	肖像
innocent	無実の、無邪気な
substitute	代わり（にする）
supplement	補足、サプリメント
adjustment	調整
reasonably	かなり、合理的に
filter	ろ過する、フィルター
flexible	柔軟な
abstract	抽象的な、要約
tent	テント
precise	正確な
distant	遠い
stranger	見知らぬ人
shade	日陰、色合い
grain	穀物、粒
situate	置く（be situated 位置する）
summarize	要約する
leap	跳ぶ、飛躍
snap	ぽきっと折る、スナップ写真
probability	確率
leather	革
uncertainty	不確実さ
swear	誓う、ののしる
refugee	難民
shore	岸
monthly	毎月の
comprise	構成する
stir	かき混ぜる
excitement	興奮
sigh	ため息（をつく）
pregnancy	妊娠
experimental	実験的な
institutional	制度上の
slice	薄切り
wander	歩き回る
empire	帝国
subsequently	その後
gentle	優しい、穏やかな
attendance	出席
ownership	所有権
qualification	資格
suspend	一時停止する、つるす
functional	機能的な
voluntary	自発的な
pale	青白い
stain	しみ
athlete	運動選手
organic	有機の
tongue	舌
server	サーバー、給仕係
structural	構造上の
website	ウェブサイト
fool	ばか、だます
alongside	〜と並んで
unite	団結する
gently	優しく
compute	計算する
wipe	ふく
weird	奇妙な
gaze	見つめる
fade	薄れる
cough	せき（をする）
hypothesis	仮説
royal	王の
theoretical	理論的な
curtain	カーテン
mayor	市長
darkness	暗やみ
aunt	おば
tournament	トーナメント
registration	登録
fragment	破片
listener	聞き手
immigration	移住、出入国管理
tender	優しい、柔らかい
density	密度
ugly	醜い
module	構成単位
faithfully	忠実に
autumn	秋
cheek	ほお
attachment	愛着、添付ファイル
holder	所有者
solar	太陽の
grin	にっこり笑う
rose	バラ
noun	名詞
fortunate	幸運な
alright	大丈夫
lazy	怠惰な
hello	こんにちは
hunger	飢え
insure	保険をかける
ashamed	恥じて
found	設立する
blog	ブログ
thirst	のどの渇き
