assessment	The teacher made a careful assessment of my work.	先生は私の作品を丁寧に評価した。
assessment	We need a new assessment of the risk.	リスクを改めて評価する必要がある。
component	Each component of the machine is checked.	機械の部品はひとつずつ点検される。
component	Trust is an important component of a team.	信頼はチームの大切な要素だ。
producer	Japan is a major producer of cars.	日本は自動車の主要な生産国だ。
producer	The producer of the film is very famous.	その映画の制作者はとても有名だ。
respectively	Tom and Mary are 20 and 25 years old, respectively.	トムとメアリーはそれぞれ20歳と25歳だ。
respectively	The first and second prizes went to Ken and Jane, respectively.	1位と2位はそれぞれケンとジェーンだった。
intervention	The problem was solved without any intervention.	その問題は誰も介入せずに解決した。
intervention	Early intervention can help children learn.	早めの手助けは子どもの学びを助ける。
similarly	She was tired, and her brother felt similarly.	彼女は疲れていて、兄も同じように感じていた。
similarly	The two rooms are similarly large.	その2つの部屋は同じくらい広い。
formation	The formation of the group took two years.	そのグループの結成には2年かかった。
formation	Look at the rock formation by the sea.	海辺の岩の形を見てごらん。
versus	It was Japan versus Brazil in the final.	決勝は日本対ブラジルだった。
versus	We talked about cost versus quality.	私たちは費用と品質のどちらを取るかを話し合った。
constraint	Time is our biggest constraint.	時間が私たちにとって最大の制約だ。
constraint	We have to work within budget constraints.	予算の制約の中で働かなければならない。
indication	There is no indication of rain today.	今日は雨の気配がない。
indication	His smile was an indication that he agreed.	彼の笑顔は賛成のしるしだった。
amendment	The committee made an amendment to the plan.	委員会は計画に修正を加えた。
amendment	The amendment was accepted by a large majority.	その修正案は大多数の賛成で可決された。
implementation	The implementation of the plan starts next month.	計画の実施は来月始まる。
implementation	Good ideas need careful implementation.	良いアイデアには丁寧な実行が必要だ。
guideline	Please follow the safety guidelines.	安全の指針に従ってください。
guideline	The company has clear guidelines for email.	その会社にはメールについての明確な指針がある。
controversial	The new law is very controversial.	その新しい法律は大きな議論を呼んでいる。
controversial	He made a controversial decision.	彼は議論を呼ぶ決定をした。
institutional	The bank serves institutional investors.	その銀行は機関投資家を相手にしている。
institutional	We need institutional change, not just new people.	新しい人だけでなく、制度の変化が必要だ。
subsequently	He moved to London and subsequently found a job.	彼はロンドンに引っ越し、その後仕事を見つけた。
subsequently	The meeting was subsequently canceled.	会議はその後中止された。
structural	The building has some structural problems.	その建物には構造上の問題がある。
structural	The company made structural changes last year.	その会社は昨年、組織の構造を変えた。
